,POS,PLAYER,Mat,Inns,NO,Runs,HS,Avg,BF,SR,100,50,4s,6s,Year
13,13,GautamGambhir,14,14,1,534,86,41.07,379,140.89,0,5,68,8,2008
14,14,SureshRaina,16,14,3,421,55*,38.27,296,142.22,0,3,35,18,2008
15,15,ShikharDhawan,14,14,5,340,68*,37.77,295,115.25,0,4,35,8,2008
16,16,RossTaylor,4,4,0,149,53,37.25,81,183.95,0,1,13,10,2008
17,17,RohitSharma,13,12,1,404,76*,36.72,273,147.98,0,4,38,19,2008
18,18,VenugopalRao,11,10,2,288,71*,36.00,210,137.14,0,2,22,15,2008
19,19,RobinUthappa,14,14,5,320,48,35.55,279,114.69,0,0,34,9,2008
20,20,KumarSangakkara,10,9,0,320,94,35.55,198,161.61,0,4,41,8,2008
21,21,ManpreetGony,16,5,4,35,15*,35.00,23,152.17,0,0,2,3,2008
22,22,SwapnilAsnodkar,9,9,0,311,60,34.55,233,133.47,0,2,43,6,2008
23,23,AlbieMorkel,13,10,3,241,71,34.42,163,147.85,0,1,18,14,2008
24,24,VirenderSehwag,14,14,2,406,94*,33.83,220,184.54,0,3,46,21,2008
25,25,AdamGilchrist,14,14,1,436,109*,33.53,318,137.10,1,3,51,19,2008
26,26,MarkBoucher,10,10,3,225,50*,32.14,177,127.11,0,1,24,6,2008
27,27,SubramaniamBadrinath,16,11,5,192,64,32.00,130,147.69,0,2,21,8,2008
28,28,WriddhimanSaha,12,10,5,159,59*,31.80,119,133.61,0,1,12,7,2008
29,29,SachinTendulkar,7,7,1,188,65,31.33,177,106.21,0,1,26,2,2008
30,30,YusufPathan,16,15,1,435,68,31.07,243,179.01,0,4,43,25,2008
31,31,VVSLaxman,6,6,1,155,52,31.00,132,117.42,0,1,22,1,2008
32,32,DwayneBravo,9,7,1,178,64*,29.66,134,132.83,0,1,19,5,2008
33,33,SouravGanguly,13,13,1,349,91,29.08,307,113.68,0,3,33,15,2008
34,34,DavidHussey,13,13,2,319,71,29.00,259,123.16,0,2,19,17,2008
35,35,RahulDravid,14,14,1,371,75*,28.53,298,124.49,0,2,35,11,2008
36,36,SalmanButt,7,7,0,193,73,27.57,161,119.87,0,1,30,2,2008
37,37,ParthivPatel,13,13,2,302,54,27.45,297,101.68,0,2,42,3,2008
38,38,ShreevatsGoswami,4,3,0,82,52,27.33,85,96.47,0,1,9,1,2008
39,39,ManojTiwary,9,7,3,104,39,26.00,85,122.35,0,0,16,0,2008
40,40,WilkinMota,4,2,1,26,25,26.00,27,96.29,0,0,2,0,2008
41,41,AbhishekNayar,14,10,2,206,45*,25.75,138,149.27,0,0,16,9,2008
42,42,KamranAkmal,6,6,1,128,53*,25.60,78,164.10,0,1,13,8,2008
43,43,MahelaJayawardene,13,12,5,179,45*,25.57,131,136.64,0,0,15,7,2008
44,44,DineshKarthik,13,8,2,145,56*,24.16,107,135.51,0,1,13,4,2008
45,45,YuvrajSingh,15,14,1,299,57,23.00,184,162.50,0,1,24,19,2008
46,46,PiyushChawla,15,7,3,90,24*,22.50,59,152.54,0,0,10,3,2008
47,47,IrfanPathan,14,10,4,131,40,21.83,116,112.93,0,0,9,6,2008
48,48,StephenFleming,10,10,1,196,45,21.77,164,119.51,0,0,27,3,2008
49,49,MFMaharoof,10,8,2,125,39,20.83,79,158.22,0,0,10,7,2008
50,50,LaxmiRatan Shukla,13,12,4,163,42,20.37,122,133.60,0,0,17,5,2008
51,51,JamesHopes,11,11,0,221,71,20.09,148,149.32,0,2,27,8,2008
52,52,LPCSilva,3,3,1,40,23*,20.00,26,153.84,0,0,5,1,2008
53,53,DominicThornely,6,4,2,39,30,19.50,53,73.58,0,0,2,2,2008
54,54,RavindraJadeja,14,9,2,135,36*,19.28,103,131.06,0,0,11,6,2008
55,55,WasimJaffer,6,6,0,115,50,19.16,104,110.57,0,1,12,3,2008
56,56,ABde Villiers,6,6,1,95,26*,19.00,98,96.93,0,0,5,1,2008
57,57,ScottStyris,8,8,2,112,36*,18.66,123,91.05,0,0,9,2,2008
58,58,HerschelleGibbs,9,9,0,167,47,18.55,153,109.15,0,0,17,8,2008
59,59,ShaunPollock,13,8,0,147,33,18.37,111,132.43,0,0,12,8,2008
60,60,RamnareshSarwan,4,4,0,73,31,18.25,75,97.33,0,0,6,1,2008
61,61,DwarakaRavi Teja,7,6,0,109,40,18.16,82,132.92,0,0,10,5,2008
62,62,VidyutSivaramakrishnan,9,8,0,145,54,18.12,109,133.02,0,1,21,3,2008
63,63,JacquesKallis,11,11,0,199,54,18.09,183,108.74,0,1,23,4,2008
64,64,JacobOram,4,3,2,18,13,18.00,12,150.00,0,0,1,1,2008
65,65,TillakaratneDilshan,7,7,1,104,33,17.33,79,131.64,0,0,14,3,2008
66,66,DebabrataDas,6,6,0,103,31,17.16,94,109.57,0,0,9,5,2008
67,67,RajatBhatia,9,3,1,34,17,17.00,28,121.42,0,0,2,2,2008
68,68,BrettLee,4,3,2,17,16*,17.00,13,130.76,0,0,2,1,2008
69,69,Misbah-ul-Haq,8,8,1,117,47*,16.71,81,144.44,0,0,10,6,2008
70,70,DineshSalunkhe,6,3,1,33,26*,16.50,24,137.50,0,0,5,0,2008
71,71,CameronWhite,8,8,1,114,31*,16.28,102,111.76,0,0,8,4,2008
72,72,MohammadKaif,16,14,3,176,34*,16.00,171,102.92,0,0,14,6,2008
73,73,BalachandraAkhil,7,7,4,46,27*,15.33,31,148.38,0,0,4,3,2008
74,74,ViratKohli,13,12,1,165,38,15.00,157,105.09,0,0,18,4,2008
75,75,DwayneSmith,4,3,0,45,20,15.00,40,112.50,0,0,5,1,2008
76,76,HarbhajanSingh,3,3,1,30,28,15.00,17,176.47,0,0,1,3,2008
77,77,ShaneWarne,15,7,2,70,22*,14.00,59,118.64,0,0,7,2,2008
78,78,ShoaibMalik,7,5,1,52,24,13.00,47,110.63,0,0,5,0,2008
79,79,UmarGul,6,4,1,39,24,13.00,19,205.26,0,0,1,5,2008
80,80,SaurabhTiwary,3,2,0,26,17,13.00,20,130.00,0,0,3,1,2008
81,81,KaranGoel,7,6,0,76,26,12.66,78,97.43,0,0,7,4,2008
82,82,AmitMishra,6,3,0,37,31,12.33,42,88.09,0,0,3,0,2008
83,83,SohailTanvir,11,5,2,36,13,12.00,29,124.13,0,0,3,1,2008
84,84,MusavirKhote,4,3,1,24,9,12.00,22,109.09,0,0,2,1,2008
85,85,PraveenKumar,13,12,2,112,34,11.20,98,114.28,0,0,10,6,2008
86,86,IshantSharma,13,6,5,11,4*,11.00,11,100.00,0,0,1,0,2008
87,87,NuwanZoysa,3,2,1,11,10*,11.00,9,122.22,0,0,1,0,2008
88,88,MakhayaNtini,9,2,1,11,11,11.00,18,61.11,0,0,2,0,2008
89,89,AjitAgarkar,9,6,1,54,20,10.80,46,117.39,0,0,5,2,2008
90,90,TatendaTaibu,3,3,0,31,15,10.33,26,119.23,0,0,3,0,2008
91,91,ShahidAfridi,10,9,1,81,33,10.12,46,176.08,0,0,7,6,2008
92,92,MuraliKartik,6,3,0,30,17,10.00,27,111.11,0,0,3,0,2008
93,93,MohammadHafeez,8,3,1,20,13,10.00,22,90.90,0,0,2,1,2008
94,94,ArjunYadav,8,6,1,49,16,9.80,39,125.64,0,0,5,2,2008
95,95,RickyPonting,4,4,0,39,20,9.75,53,73.58,0,0,2,1,2008
96,96,DarrenLehmann,2,2,0,18,17,9.00,18,100.00,0,0,3,0,2008
97,97,SiddharthChitnis,3,2,0,18,15,9.00,10,180.00,0,0,1,1,2008
98,98,DimitriMascarenhas,1,1,0,9,9,9.00,8,112.50,0,0,0,1,2008
99,99,AshleyNoffke,1,1,0,9,9,9.00,10,90.00,0,0,1,0,2008
100,100,ZaheerKhan,11,8,4,34,17*,8.50,43,79.06,0,0,4,0,2008
0,,,,,,,,,,,,,,,2009
1,1,ManishPandey,5,4,2,168,114*,84.00,118,142.37,1,0,17,4,2009
2,2,MatthewHayden,12,12,1,572,89,52.00,395,144.81,0,5,60,22,2009
3,3,MSDhoni,14,13,5,332,58*,41.50,261,127.20,0,2,22,9,2009
4,4,JPDuminy,13,12,3,372,62,41.33,325,114.46,0,5,26,11,2009
5,5,BradHodge,12,12,3,365,73,40.55,310,117.74,0,3,34,9,2009
6,6,MahelaJayawardene,10,10,4,219,52*,36.50,165,132.72,0,1,17,7,2009
7,7,AndrewSymonds,8,8,1,249,60*,35.57,166,150.00,0,1,15,11,2009
8,8,HerschelleGibbs,14,14,3,371,69*,33.72,331,112.08,0,4,32,12,2009
9,9,SachinTendulkar,13,13,2,364,68,33.09,303,120.13,0,2,39,10,2009
10,10,AjitAgarkar,11,7,5,66,39,33.00,57,115.78,0,0,3,3,2009
11,11,RossTaylor,11,11,2,280,81*,31.11,208,134.61,0,1,20,15,2009
12,12,SureshRaina,14,14,0,434,98,31.00,308,140.90,0,2,37,21,2009
13,13,AndrewFlintoff,3,3,1,62,24,31.00,53,116.98,0,0,5,2,2009
14,14,AdamGilchrist,16,16,0,495,85,30.93,325,152.30,0,3,54,29,2009
15,15,KumarSangakkara,14,13,2,332,60,30.18,324,102.46,0,2,29,5,2009
16,16,MarkBoucher,12,9,4,150,48*,30.00,116,129.31,0,0,8,6,2009
17,17,ChamindaVaas,2,2,1,30,20,30.00,21,142.85,0,0,1,1,2009
18,18,ChrisGayle,7,7,1,171,44*,28.50,143,119.58,0,0,15,10,2009
19,19,YuvrajSingh,14,14,2,340,58*,28.33,294,115.64,0,2,25,16,2009
20,20,RohitSharma,16,16,3,362,52,27.84,315,114.92,0,1,22,18,2009
21,21,JacquesKallis,15,15,2,361,69*,27.76,332,108.73,0,3,37,8,2009
22,22,RaviBopara,5,5,0,138,84,27.60,119,115.96,0,1,8,7,2009
23,23,DwayneBravo,11,10,2,218,70*,27.25,203,107.38,0,2,15,8,2009
24,24,DwayneSmith,8,8,0,215,49,26.87,132,162.87,0,0,12,15,2009
25,25,RavindraJadeja,13,13,2,295,42,26.81,266,110.90,0,0,21,6,2009
26,26,ShreevatsGoswami,2,2,0,53,43,26.50,60,88.33,0,0,6,0,2009
27,27,DavidHussey,4,4,0,98,43,24.50,59,166.10,0,0,7,6,2009
28,28,AlbieMorkel,12,10,6,97,21*,24.25,70,138.57,0,0,8,4,2009
29,29,NamanOjha,8,8,1,168,68,24.00,144,116.66,0,2,11,11,2009
30,30,AjinkyaRahane,8,7,1,144,62*,24.00,123,117.07,0,2,12,3,2009
31,31,WriddhimanSaha,8,7,4,72,25*,24.00,41,175.60,0,0,3,4,2009
32,32,BrendonMcCullum,13,13,1,285,84*,23.75,239,119.24,0,2,27,12,2009
33,33,TirumalasettiSuman,12,12,2,237,41*,23.70,190,124.73,0,0,18,8,2009
34,34,JohanBotha,3,3,1,47,37,23.50,40,117.50,0,0,5,0,2009
35,35,RameshPowar,9,4,3,23,10,23.00,22,104.54,0,0,2,0,2009
36,36,RahulDravid,13,12,0,271,66,22.58,234,115.81,0,1,28,3,2009
37,37,GeorgeBailey,3,2,0,45,30,22.50,39,115.38,0,0,7,0,2009
38,38,ViratKohli,16,13,2,246,50,22.36,219,112.32,0,1,22,8,2009
39,39,DwarakaRavi Teja,9,6,3,65,27,21.66,70,92.85,0,0,7,0,2009
40,40,AbhishekNayar,13,11,2,193,35,21.44,152,126.97,0,0,14,7,2009
41,41,RyanHarris,8,5,4,21,9*,21.00,18,116.66,0,0,0,0,2009
42,42,YusufPathan,13,13,1,243,62*,20.25,183,132.78,0,1,24,12,2009
43,43,LeeCarseldine,5,5,1,81,39,20.25,68,119.11,0,0,11,0,2009
44,44,JoginderSharma,4,2,1,20,16*,20.00,18,111.11,0,0,0,1,2009
45,45,ShadabJakati,9,2,1,20,13,20.00,15,133.33,0,0,3,0,2009
46,46,SubramaniamBadrinath,14,11,2,177,59*,19.66,164,107.92,0,1,20,4,2009
47,47,IrfanPathan,14,12,2,196,39,19.60,158,124.05,0,0,17,6,2009
48,48,AbhishekRaut,9,7,3,78,36*,19.50,61,127.86,0,0,5,3,2009
49,49,GraemeSmith,12,12,1,212,77,19.27,216,98.14,0,1,27,1,2009
50,50,MoisesHenriques,4,3,1,38,30*,19.00,40,95.00,0,0,2,1,2009
51,51,SanathJayasuriya,12,12,0,221,52,18.41,192,115.10,0,2,23,7,2009
52,52,PinalShah,9,5,2,53,29,17.66,51,103.92,0,0,4,2,2009
53,53,SouravGanguly,13,11,0,189,46,17.18,207,91.30,0,0,13,6,2009
54,54,AzharBilakhia,6,6,2,67,22,16.75,81,82.71,0,0,5,0,2009
55,55,LaxmiRatan Shukla,9,6,1,83,48*,16.60,85,97.64,0,0,5,3,2009
56,56,SimonKatich,9,9,0,145,50,16.11,117,123.93,0,1,15,6,2009
57,57,AnilKumble,16,7,6,16,7*,16.00,19,84.21,0,0,2,0,2009
58,58,AngeloMathews,1,1,0,16,16,16.00,13,123.07,0,0,2,0,2009
59,59,RobinUthappa,15,13,2,175,66*,15.90,170,102.94,0,1,18,3,2009
60,60,ParthivPatel,9,9,0,142,36,15.77,126,112.69,0,0,19,2,2009
61,61,KaranGoel,9,9,1,124,38,15.50,133,93.23,0,0,9,4,2009
62,62,KevinPietersen,6,6,0,93,37,15.50,85,109.41,0,0,8,2,2009
63,63,Roelofvan der Merwe,10,8,0,122,35,15.25,98,124.48,0,0,8,8,2009
64,64,MuraliVijay,4,4,0,60,31,15.00,67,89.55,0,0,4,2,2009
65,65,GrahamNapier,1,1,0,15,15,15.00,16,93.75,0,0,1,0,2009
66,66,RobQuiney,7,7,0,103,51,14.71,102,100.98,0,1,12,3,2009
67,67,JacobOram,11,8,2,88,41*,14.66,93,94.62,0,0,5,4,2009
68,68,SunnySohal,8,8,0,115,43,14.37,93,123.65,0,0,9,8,2009
69,69,BrettLee,5,4,2,28,14*,14.00,34,82.35,0,0,2,1,2009
70,70,ScottStyris,2,1,0,14,14,14.00,8,175.00,0,0,0,1,2009
71,71,ShaneWarne,13,11,3,108,34*,13.50,116,93.10,0,0,6,4,2009
72,72,PraveenKumar,13,8,3,65,14*,13.00,46,141.30,0,0,1,6,2009
73,73,SaurabhTiwary,4,3,2,13,6*,13.00,12,108.33,0,0,0,0,2009
74,74,SwapnilAsnodkar,8,8,0,98,44,12.25,93,105.37,0,0,11,4,2009
75,75,RohanRaje,4,2,1,12,11*,12.00,9,133.33,0,0,0,1,2009
76,76,YashpalSingh,8,4,0,47,20,11.75,66,71.21,0,0,5,0,2009
77,77,VenugopalRao,16,13,2,124,32,11.27,114,108.77,0,0,6,3,2009
78,78,JesseRyder,5,5,0,56,32,11.20,49,114.28,0,0,9,0,2009
79,79,MunafPatel,11,5,2,33,23*,11.00,26,126.92,0,0,5,0,2009
80,80,AakashChopra,2,1,0,11,11,11.00,19,57.89,0,0,2,0,2009
81,81,HarbhajanSingh,13,10,2,84,20,10.50,53,158.49,0,0,6,5,2009
82,82,LukePomersbach,4,4,0,41,26,10.25,49,83.67,0,0,3,1,2009
83,83,ShikharDhawan,5,4,0,40,22,10.00,45,88.88,0,0,3,0,2009
84,84,ShikharDhawan,5,4,0,40,22,10.00,45,88.88,0,0,3,0,2009
85,85,Dillondu Preez,2,1,0,10,10,10.00,13,76.92,0,0,0,0,2009
86,86,DimitriMascarenhas,5,4,0,39,27,9.75,39,100.00,0,0,4,0,2009
87,87,VinayKumar,11,8,3,47,12,9.40,44,106.81,0,0,4,1,2009
88,88,NirajPatel,4,2,0,18,14,9.00,38,47.36,0,0,1,0,2009
89,89,AmitMishra,11,5,2,26,13*,8.66,20,130.00,0,0,2,2,2009
90,90,BalachandraAkhil,6,3,1,17,9,8.50,15,113.33,0,0,1,1,2009
91,91,IshantSharma,11,3,1,16,9,8.00,13,123.07,0,0,1,1,2009
92,92,IshantSharma,11,3,1,16,9,8.00,13,123.07,0,0,1,1,2009
93,93,ZaheerKhan,6,4,3,8,4*,8.00,11,72.72,0,0,0,0,2009
94,94,RavichandranAshwin,2,1,0,8,8,8.00,15,53.33,0,0,1,0,2009
95,95,MorneMorkel,2,1,0,8,8,8.00,8,100.00,0,0,1,0,2009
96,96,WasimJaffer,2,2,0,15,8,7.50,17,88.23,0,0,2,0,2009
97,97,ManpreetGony,7,3,1,13,7,6.50,7,185.71,0,0,0,2,2009
98,98,RajeshBishnoi,3,3,0,19,18,6.33,17,111.76,0,0,1,2,2009
99,99,PiyushChawla,14,10,5,31,8*,6.20,36,86.11,0,0,3,0,2009
100,100,WilkinMota,8,6,1,30,12,6.00,48,62.50,0,0,0,0,2009
0,,,,,,,,,,,,,,,2010
1,1,KevinPietersen,7,7,3,236,66*,59.00,157,150.31,0,2,23,8,2010
2,2,OwaisShah,5,5,3,115,58*,57.50,95,121.05,0,1,7,5,2010
3,3,ShaunMarsh,4,4,1,147,88*,49.00,114,128.94,0,2,14,6,2010
4,4,JacquesKallis,16,16,4,572,89*,47.66,494,115.78,0,6,67,9,2010
5,5,SachinTendulkar,15,15,2,618,89*,47.53,466,132.61,0,5,86,3,2010
6,6,SureshRaina,16,16,5,520,83*,47.27,364,142.85,0,4,45,22,2010
7,7,AdamVoges,9,7,3,181,45*,45.25,143,126.57,0,0,15,3,2010
8,8,MahelaJayawardene,13,13,3,439,110*,43.90,298,147.31,1,1,55,11,2010
9,9,PaulCollingwood,8,7,2,203,75*,40.60,156,130.12,0,3,9,13,2010
10,10,AjitAgarkar,7,4,3,40,17,40.00,29,137.93,0,0,4,0,2010
11,11,MithunManhas,9,8,4,157,32*,39.25,149,105.36,0,0,14,0,2010
12,12,SouravGanguly,14,14,1,493,88,37.92,419,117.66,0,4,58,15,2010
13,13,ShaneWatson,6,5,0,185,60,37.00,114,162.28,0,2,18,9,2010
14,14,MuraliVijay,15,15,2,458,127,35.23,292,156.84,1,2,36,26,2010
15,15,BodapatiSumanth,5,4,3,35,16,35.00,37,94.59,0,0,3,0,2010
16,16,IrfanPathan,14,13,5,276,60,34.50,186,148.38,0,1,21,10,2010
17,17,TirumalasettiSuman,14,14,5,307,78*,34.11,257,119.45,0,2,23,12,2010
18,18,AngeloMathews,14,11,4,233,65*,33.28,184,126.63,0,1,18,8,2010
19,19,DanielVettori,3,3,2,33,19*,33.00,27,122.22,0,0,4,0,2010
20,20,ChrisGayle,9,9,0,292,88,32.44,184,158.69,0,2,30,16,2010
21,21,SubramaniamBadrinath,16,15,4,356,55*,32.36,303,117.49,0,2,41,5,2010
22,22,MSDhoni,13,11,2,287,66*,31.88,210,136.66,0,2,26,8,2010
23,23,NamanOjha,14,14,2,377,94*,31.41,285,132.28,0,2,42,15,2010
24,24,JPDuminy,7,7,2,157,42*,31.40,131,119.84,0,0,13,5,2010
25,25,RobinUthappa,16,14,2,374,68*,31.16,218,171.55,0,3,21,27,2010
26,26,RaviBopara,10,9,1,248,77,31.00,214,115.88,0,2,25,3,2010
27,27,GautamGambhir,11,10,1,277,72,30.77,217,127.64,0,2,32,2,2010
28,28,AndrewSymonds,16,16,2,429,54,30.64,341,125.80,0,4,35,18,2010
29,29,CheteshwarPujara,10,6,2,122,45*,30.50,115,106.08,0,0,14,3,2010
30,30,SaurabhTiwary,16,15,1,419,61,29.92,309,135.59,0,3,29,18,2010
31,31,KumarSangakkara,13,12,0,357,56,29.75,257,138.91,0,2,47,5,2010
32,32,AbhishekNayar,3,3,1,58,27,29.00,51,113.72,0,0,4,2,2010
33,33,RohitSharma,16,16,2,404,73,28.85,302,133.77,0,3,36,14,2010
34,34,BrendonMcCullum,5,5,1,114,57*,28.50,110,103.63,0,1,14,2,2010
35,35,RahulDravid,16,11,2,256,52,28.44,199,128.64,0,1,34,3,2010
36,36,DavidWarner,11,11,1,282,107*,28.20,191,147.64,1,1,27,14,2010
37,37,AbhishekRaut,6,5,3,56,32*,28.00,48,116.66,0,0,3,3,2010
38,38,ViratKohli,16,13,2,307,58,27.90,212,144.81,0,1,26,12,2010
39,39,YusufPathan,14,14,2,333,100,27.75,201,165.67,1,1,22,24,2010
40,40,AmbatiRayudu,14,14,1,356,55*,27.38,246,144.71,0,2,34,13,2010
41,41,SridharanSriram,1,1,0,27,27,27.00,29,93.10,0,0,3,0,2010
42,42,HerschelleGibbs,10,10,0,267,50,26.70,235,113.61,0,1,26,9,2010
43,43,ManojTiwary,13,11,2,237,75*,26.33,186,127.41,0,2,23,5,2010
44,44,HarbhajanSingh,15,7,3,105,49*,26.25,63,166.66,0,0,12,5,2010
45,45,VirenderSehwag,14,14,0,356,75,25.42,218,163.30,0,3,47,14,2010
46,46,KedarJadhav,5,5,2,76,50*,25.33,56,135.71,0,1,7,2,2010
47,47,MichaelLumb,11,11,0,278,83,25.27,192,144.79,0,1,45,6,2010
48,48,AlbieMorkel,14,11,3,198,62,24.75,131,151.14,0,1,10,13,2010
49,49,BradHodge,4,4,0,99,50,24.75,90,110.00,0,1,11,1,2010
50,50,CameronWhite,7,5,3,48,21*,24.00,33,145.45,0,0,3,3,2010
51,51,ZaheerKhan,14,4,3,24,23*,24.00,13,184.61,0,0,3,1,2010
52,52,DavidHussey,6,6,2,94,31,23.50,86,109.30,0,0,5,5,2010
53,53,AshishNehra,4,2,1,23,22*,23.00,20,115.00,0,0,2,1,2010
54,54,KieronPollard,14,14,2,273,45*,22.75,147,185.71,0,0,23,17,2010
55,55,WriddhimanSaha,13,7,4,67,22,22.33,53,126.41,0,0,9,1,2010
56,56,RossTaylor,7,7,3,88,31*,22.00,75,117.33,0,0,2,6,2010
57,57,RyanMcLaren,10,7,4,66,40,22.00,69,95.65,0,0,7,0,2010
58,58,GraemeSmith,2,2,0,44,26,22.00,39,112.82,0,0,7,0,2010
59,59,ManvinderBisla,10,10,0,218,75,21.80,178,122.47,0,1,27,6,2010
60,60,MatthewHayden,16,16,0,346,93,21.62,279,124.01,0,1,37,16,2010
61,61,DineshKarthik,14,14,1,278,69,21.38,237,117.29,0,1,26,6,2010
62,62,YuvrajSingh,14,14,2,255,43,21.25,199,128.14,0,0,20,14,2010
63,63,AdrianBarath,3,3,1,42,33,21.00,42,100.00,0,0,5,1,2010
64,64,AaronFinch,1,1,0,21,21,21.00,21,100.00,0,0,0,1,2010
65,65,ManishPandey,13,13,1,249,42*,20.75,226,110.17,0,0,27,7,2010
66,66,FaizFazal,10,9,1,164,45,20.50,154,106.49,0,0,19,1,2010
67,67,AbhishekJhunjhunwala,13,11,2,183,53*,20.33,166,110.24,0,1,16,4,2010
68,68,ShikharDhawan,10,10,0,191,56,19.10,170,112.35,0,2,23,3,2010
69,69,DamienMartyn,1,1,0,19,19,19.00,24,79.16,0,0,1,0,2010
70,70,MichaelHussey,3,3,1,37,15,18.50,44,84.09,0,0,2,0,2010
71,71,AdamGilchrist,16,16,0,289,54,18.06,185,156.21,0,1,31,16,2010
72,72,ParthivPatel,4,4,0,72,57,18.00,79,91.13,0,1,6,2,2010
73,73,LaxmiRatan Shukla,4,2,0,36,19,18.00,26,138.46,0,0,3,2,2010
74,74,KaranGoel,6,2,1,18,17*,18.00,20,90.00,0,0,1,1,2010
75,75,GeorgeBailey,1,1,0,18,18,18.00,27,66.66,0,0,2,0,2010
76,76,AdityaDole,3,2,0,34,30,17.00,22,154.54,0,0,3,1,2010
77,77,RajagopalSathish,12,11,4,112,24,16.00,96,116.66,0,0,11,0,2010
78,78,ABde Villiers,7,7,0,111,45,15.85,119,93.27,0,0,7,0,2010
79,79,AnirudhSingh,5,4,0,63,40,15.75,66,95.45,0,0,6,1,2010
80,80,MohnishMishra,11,11,0,166,41,15.09,144,115.27,0,0,18,6,2010
81,81,ChandanMadan,1,1,0,15,15,15.00,19,78.94,0,0,3,0,2010
82,82,MitchellMarsh,3,2,0,28,15,14.00,30,93.33,0,0,1,1,2010
83,83,ParasDogra,9,8,0,107,41,13.37,106,100.94,0,0,4,5,2010
84,84,JMKemp,5,2,0,26,22,13.00,24,108.33,0,0,1,1,2010
85,85,MarkBoucher,5,2,1,13,11*,13.00,10,130.00,0,0,0,1,2010
86,86,VVSLaxman,6,6,1,64,22,12.80,60,106.66,0,0,7,1,2010
87,87,AdityaTare,7,4,0,50,23,12.50,36,138.88,0,0,5,3,2010
88,88,PiyushChawla,14,6,1,62,22,12.40,60,103.33,0,0,7,0,2010
89,89,ShaunTait,8,2,1,12,11,12.00,13,92.30,0,0,0,1,2010
90,90,DimitriMascarenhas,2,2,1,12,9*,12.00,10,120.00,0,0,0,0,2010
91,91,EoinMorgan,6,4,1,35,17,11.66,30,116.66,0,0,2,1,2010
92,92,RyanHarris,8,5,1,45,15,11.25,39,115.38,0,0,2,2,2010
93,93,DwayneSmith,3,3,1,22,13*,11.00,25,88.00,0,0,1,1,2010
94,94,MuraliKartik,10,2,0,22,21,11.00,22,100.00,0,0,2,0,2010
95,95,BrettLee,4,3,2,11,7*,11.00,9,122.22,0,0,1,0,2010
96,96,MoisesHenriques,1,1,0,11,11,11.00,5,220.00,0,0,2,0,2010
97,97,MFMaharoof,7,4,1,31,28,10.33,23,134.78,0,0,2,2,2010
98,98,SiddharthTrivedi,11,4,2,20,9,10.00,14,142.85,0,0,3,1,2010
99,99,PradeepSangwan,8,2,1,10,6*,10.00,14,71.42,0,0,0,0,2010
100,100,ThilanThushara,4,2,1,10,8,10.00,11,90.90,0,0,0,0,2010
0,,,,,,,,,,,,,,,2011
1,1,WriddhimanSaha,7,3,2,68,46*,68.00,63,107.93,0,0,2,4,2011
2,2,ChrisGayle,12,12,3,608,107,67.55,332,183.13,2,3,57,44,2011
3,3,SubramaniamBadrinath,16,13,6,396,71*,56.57,313,126.51,0,5,38,9,2011
4,4,JamesFranklin,8,5,3,107,45*,53.50,78,137.17,0,0,10,2,2011
5,5,Ryanten Doeschate,6,3,1,107,70*,53.50,73,146.57,0,1,9,5,2011
6,6,ManojTiwary,15,14,7,359,61*,51.28,325,110.46,0,1,26,14,2011
7,7,ViratKohli,16,16,4,557,71,46.41,460,121.08,0,4,55,16,2011
8,8,JohanBotha,10,9,4,230,67*,46.00,198,116.16,0,1,20,2,2011
9,9,MSDhoni,16,13,4,392,70*,43.55,247,158.70,0,2,25,23,2011
10,10,SachinTendulkar,16,16,3,553,100*,42.53,488,113.31,1,2,67,5,2011
11,11,ShaunMarsh,14,13,1,504,95,42.00,344,146.51,0,4,52,20,2011
12,12,MichaelHussey,14,14,2,492,83*,41.00,414,118.84,0,4,53,6,2011
13,13,JamesHopes,10,8,3,196,55,39.20,158,124.05,0,2,22,3,2011
14,14,VirenderSehwag,11,11,0,424,119,38.54,240,176.66,1,2,51,18,2011
15,15,StuartBinny,6,2,1,37,30,37.00,31,119.35,0,0,2,1,2011
16,16,RossTaylor,12,11,6,181,47*,36.20,152,119.07,0,0,11,7,2011
17,17,BradHodge,14,14,6,285,51*,35.62,236,120.76,0,1,26,9,2011
18,18,PaulValthaty,14,14,1,463,120*,35.61,338,136.98,1,2,56,20,2011
19,19,JacquesKallis,15,14,2,424,80*,35.33,378,112.16,0,4,46,6,2011
20,20,ABde Villiers,16,13,4,312,65,34.66,243,128.39,0,2,21,14,2011
21,21,GautamGambhir,15,15,4,378,75*,34.36,317,119.24,0,2,44,3,2011
22,22,HarbhajanSingh,15,8,5,103,30,34.33,71,145.07,0,0,9,6,2011
23,23,YuvrajSingh,14,13,3,343,66*,34.30,261,131.41,0,2,24,18,2011
24,24,RohitSharma,16,14,3,372,87,33.81,297,125.25,0,3,32,13,2011
25,25,AndrewSymonds,11,9,5,135,44*,33.75,138,97.82,0,0,9,3,2011
26,26,ShikharDhawan,14,14,2,400,95*,33.33,310,129.03,0,2,47,7,2011
27,27,ShaneWatson,11,11,1,330,89*,33.00,253,130.43,0,1,31,17,2011
28,28,RavindraJadeja,14,12,3,283,47,31.44,228,124.12,0,0,20,14,2011
29,29,SureshRaina,16,16,2,438,73*,31.28,325,134.76,0,4,36,17,2011
30,30,RahulDravid,12,12,1,343,66,31.18,314,109.23,0,1,45,2,2011
31,31,RyanMcLaren,6,4,1,90,51*,30.00,96,93.75,0,1,7,1,2011
32,32,YusufPathan,15,11,1,283,47*,28.30,201,140.79,0,0,24,13,2011
33,33,TillakaratneDilshan,10,10,2,226,59*,28.25,180,125.55,0,2,33,3,2011
34,34,AmbatiRayudu,16,16,2,395,63*,28.21,350,112.85,0,4,44,9,2011
35,35,VenugopalRao,14,14,2,336,60,28.00,280,120.00,0,1,30,13,2011
36,36,KumarSangakkara,13,13,0,358,65,27.53,293,122.18,0,1,44,5,2011
37,37,BrendonMcCullum,13,13,0,357,81,27.46,275,129.81,0,1,35,16,2011
38,38,AdamGilchrist,14,14,0,383,106,27.35,295,129.83,1,2,41,18,2011
39,39,ManishPandey,10,9,0,246,59,27.33,227,108.37,0,1,28,6,2011
40,40,MuraliVijay,16,16,0,434,95,27.12,339,128.02,0,3,34,20,2011
41,41,RobinUthappa,14,13,3,264,45,26.40,209,126.31,0,0,27,10,2011
42,42,DwarakaRavi Teja,12,9,2,183,60,26.14,144,127.08,0,1,17,4,2011
43,43,CameronWhite,6,6,2,104,31*,26.00,109,95.41,0,0,6,2,2011
44,44,NathanMcCullum,2,2,1,26,15,26.00,22,118.18,0,0,0,1,2011
45,45,BharatChipli,14,13,5,207,61*,25.87,170,121.76,0,1,21,4,2011
46,46,DineshKarthik,14,13,2,282,69,25.63,220,128.18,0,1,32,7,2011
47,47,MitchellMarsh,5,3,1,50,37,25.00,49,102.04,0,0,2,3,2011
48,48,SouravGanguly,4,3,1,50,32*,25.00,59,84.74,0,0,3,2,2011
49,49,DavidWarner,13,13,0,324,77,24.92,276,117.39,0,3,34,11,2011
50,50,SunnySohal,11,10,0,249,62,24.90,191,130.36,0,2,25,10,2011
51,51,CallumFerguson,5,4,2,48,16,24.00,54,88.88,0,0,6,0,2011
52,52,SaurabhTiwary,16,13,5,187,42*,23.37,188,99.46,0,0,13,5,2011
53,53,MahelaJayawardene,13,13,0,299,76,23.00,257,116.34,0,3,35,5,2011
54,54,AlbieMorkel,15,13,7,138,30*,23.00,102,135.29,0,0,8,8,2011
55,55,DanielVettori,13,4,3,23,18*,23.00,28,82.14,0,0,1,1,2011
56,56,BipulSharma,4,3,2,23,16*,23.00,18,127.77,0,0,1,0,2011
57,57,JesseRyder,13,13,0,292,60,22.46,197,148.22,0,2,37,11,2011
58,58,SrikkanthAnirudha,9,5,1,83,64,20.75,74,112.16,0,1,6,3,2011
59,59,JPDuminy,10,10,0,205,55,20.50,174,117.81,0,1,9,8,2011
60,60,ParthivPatel,14,13,3,202,37*,20.20,183,110.38,0,0,25,2,2011
61,61,MayankAgarwal,8,7,0,141,41,20.14,120,117.50,0,0,16,4,2011
62,62,AshokMenaria,13,10,1,180,34,20.00,152,118.42,0,0,10,10,2011
63,63,AjinkyaRahane,10,7,1,120,52,20.00,98,122.44,0,1,12,2,2011
64,64,AidenBlizzard,6,6,0,120,51,20.00,87,137.93,0,1,21,2,2011
65,65,AbhishekRaut,7,4,1,60,25,20.00,58,103.44,0,0,5,1,2011
66,66,MorneMorkel,11,5,3,40,16*,20.00,25,160.00,0,0,3,2,2011
67,67,YGnaneswara Rao,2,1,0,19,19,19.00,17,111.76,0,0,3,0,2011
68,68,IrfanPathan,14,12,4,150,44*,18.75,138,108.69,0,0,12,6,2011
69,69,MichaelKlinger,4,4,0,73,29,18.25,77,94.80,0,0,9,0,2011
70,70,SachinRana,2,1,0,18,18,18.00,16,112.50,0,0,2,0,2011
71,71,BradHaddin,1,1,0,18,18,18.00,11,163.63,0,0,2,1,2011
72,72,DanChristian,14,13,2,190,30,17.27,159,119.49,0,0,9,7,2011
73,73,AmitMishra,14,9,5,68,25*,17.00,49,138.77,0,0,9,1,2011
74,74,MohnishMishra,6,5,1,67,37*,16.75,60,111.66,0,0,5,2,2011
75,75,PiyushChawla,12,6,3,48,15,16.00,55,87.27,0,0,2,2,2011
76,76,DishantYagnik,7,4,3,16,10*,16.00,22,72.72,0,0,1,0,2011
77,77,YogeshNagar,11,10,3,111,23,15.85,100,111.00,0,0,6,6,2011
78,78,DavyJacobs,6,6,0,92,32,15.33,88,104.54,0,0,10,4,2011
79,79,EoinMorgan,12,9,0,137,66,15.22,117,117.09,0,1,17,3,2011
80,80,TravisBirt,5,5,0,75,27,15.00,58,129.31,0,0,9,2,2011
81,81,VVSLaxman,3,3,0,44,36,14.66,42,104.76,0,0,3,2,2011
82,82,KieronPollard,16,13,3,146,28,14.60,133,109.77,0,0,12,6,2011
83,83,ShakibAl Hasan,7,3,1,29,26,14.50,22,131.81,0,0,4,0,2011
84,84,ManvinderBisla,5,5,0,72,27,14.40,89,80.89,0,0,8,0,2011
85,85,IshankJaggi,2,2,0,28,25,14.00,37,75.67,0,0,3,0,2011
86,86,HarpreetSingh,2,2,1,14,13,14.00,20,70.00,0,0,0,0,2011
87,87,LaxmiRatan Shukla,1,1,0,14,14,14.00,10,140.00,0,0,2,0,2011
88,88,MohammadKaif,8,4,1,41,15,13.66,33,124.24,0,0,5,0,2011
89,89,OwaisShah,3,2,0,26,23,13.00,15,173.33,0,0,1,2,2011
90,90,BalachandraAkhil,1,1,0,13,13,13.00,9,144.44,0,0,0,1,2011
91,91,LukePomersbach,5,4,0,51,29,12.75,39,130.76,0,0,4,2,2011
92,92,RajagopalSathish,9,3,1,25,18*,12.50,34,73.52,0,0,1,0,2011
93,93,WayneParnell,8,5,2,37,16,12.33,39,94.87,0,0,2,1,2011
94,94,NamanOjha,14,14,1,160,29,12.30,161,99.37,0,0,11,11,2011
95,95,AmitPaunikar,4,4,0,49,20,12.25,57,85.96,0,0,9,0,2011
96,96,MuraliKartik,6,3,2,12,11,12.00,15,80.00,0,0,1,0,2011
97,97,MandeepSingh,6,5,1,47,15*,11.75,41,114.63,0,0,4,1,2011
98,98,ThisaraPerera,4,2,0,23,22,11.50,27,85.18,0,0,4,0,2011
99,99,MithunManhas,10,10,0,114,35,11.40,123,92.68,0,0,8,4,2011
100,100,CheteshwarPujara,7,3,0,34,25,11.33,31,109.67,0,0,4,0,2011
0,,,,,,,,,,,,,,,2012
1,1,JPDuminy,9,9,6,244,74,81.33,190,128.42,0,2,13,11,2012
2,2,ChrisGayle,15,14,2,733,128*,61.08,456,160.74,1,7,46,59,2012
3,3,KevinPietersen,8,8,3,305,103*,61.00,207,147.34,1,1,22,20,2012
4,4,DwayneBravo,19,16,8,371,48,46.37,264,140.53,0,0,20,20,2012
5,5,CameronWhite,13,13,2,479,78,43.54,320,149.68,0,5,41,20,2012
6,6,ShaneWatson,7,7,1,255,90*,42.50,168,151.78,0,2,26,14,2012
7,7,DebabrataDas,15,10,7,126,35*,42.00,93,135.48,0,0,9,6,2012
8,8,ShikharDhawan,15,15,1,569,84,40.64,439,129.61,0,5,58,18,2012
9,9,HerschelleGibbs,3,3,1,81,66*,40.50,88,92.04,0,1,8,2,2012
10,10,SteveSmith,15,14,5,362,47*,40.22,267,135.58,0,0,24,14,2012
11,11,AjinkyaRahane,16,16,2,560,103*,40.00,433,129.33,1,3,73,10,2012
12,12,ABde Villiers,16,13,5,319,64*,39.87,198,161.11,0,3,26,15,2012
13,13,GautamGambhir,17,17,2,590,93,39.33,411,143.55,0,6,64,17,2012
14,14,DwayneSmith,7,6,2,157,87*,39.25,98,160.20,0,1,18,7,2012
15,15,OwaisShah,13,13,4,340,76,37.77,256,132.81,0,3,24,16,2012
16,16,AmbatiRayudu,17,15,6,333,81*,37.00,252,132.14,0,2,21,14,2012
17,17,DavidWarner,8,8,1,256,109*,36.57,156,164.10,1,1,28,14,2012
18,18,TillakaratneDilshan,10,9,1,285,76*,35.62,261,109.19,0,3,33,5,2012
19,19,AdamGilchrist,7,7,2,172,64*,34.40,143,120.27,0,1,21,4,2012
20,20,Fafdu Plessis,13,12,0,398,73,33.16,304,130.92,0,3,29,17,2012
21,21,VirenderSehwag,16,16,1,495,87*,33.00,307,161.23,0,5,57,19,2012
22,22,DavidHussey,16,15,3,396,68*,33.00,305,129.83,0,2,28,17,2012
23,23,DavidMiller,6,6,3,98,34*,32.66,75,130.66,0,0,6,4,2012
24,24,MichaelHussey,8,8,0,261,56,32.62,236,110.59,0,2,28,8,2012
25,25,RohitSharma,17,16,2,433,109*,30.92,342,126.60,1,3,39,18,2012
26,26,BradHodge,12,12,4,245,48*,30.62,175,140.00,0,0,18,9,2012
27,27,ShaunMarsh,13,13,2,336,68*,30.54,280,120.00,0,2,39,7,2012
28,28,ManvinderBisla,7,7,0,213,89,30.42,160,133.12,0,1,16,10,2012
29,29,YogeshNagar,13,8,3,152,43*,30.40,133,114.28,0,0,13,3,2012
30,30,MithunManhas,10,7,3,120,42*,30.00,96,125.00,0,0,10,4,2012
31,31,MSDhoni,19,17,5,358,51*,29.83,278,128.77,0,1,26,9,2012
32,32,SachinTendulkar,13,13,2,324,74,29.45,283,114.48,0,2,39,4,2012
33,33,DanChristian,7,7,2,145,39,29.00,118,122.88,0,0,8,6,2012
34,34,RahulDravid,16,16,0,462,58,28.87,412,112.13,0,2,63,4,2012
35,35,GurkeeratMann Singh,5,4,1,86,29*,28.66,52,165.38,0,0,12,2,2012
36,36,ViratKohli,16,15,2,364,73*,28.00,326,111.65,0,2,33,9,2012
37,37,SubramaniamBadrinath,15,9,2,196,57,28.00,181,108.28,0,1,23,2,2012
38,38,MahelaJayawardene,16,15,3,335,56*,27.91,298,112.41,0,3,39,3,2012
39,39,DanielHarris,4,4,0,111,47,27.75,101,109.90,0,0,11,5,2012
40,40,AaronFinch,2,2,0,55,30,27.50,51,107.84,0,0,8,0,2012
41,41,MandeepSingh,16,16,0,432,75,27.00,342,126.31,0,2,53,7,2012
42,42,RobinUthappa,16,16,1,405,69,27.00,343,118.07,0,2,38,10,2012
43,43,ManojTiwary,16,15,5,260,59,26.00,246,105.69,0,1,21,3,2012
44,44,SureshRaina,19,18,1,441,73,25.94,325,135.69,0,1,36,19,2012
45,45,MuraliVijay,14,14,1,336,113,25.84,267,125.84,1,0,39,10,2012
46,46,JesseRyder,11,11,1,256,86,25.60,212,120.75,0,2,23,8,2012
47,47,JacquesKallis,17,17,1,409,79,25.56,384,106.51,0,2,34,10,2012
48,48,IrfanPathan,17,12,5,176,42*,25.14,126,139.68,0,0,14,6,2012
49,49,DishantYagnik,5,3,2,25,10*,25.00,13,192.30,0,0,5,0,2012
50,50,JamesFranklin,12,11,2,220,79,24.44,223,98.65,0,1,15,6,2012
51,51,KieronPollard,14,11,2,220,64,24.44,159,138.36,0,2,15,14,2012
52,52,AkshathReddy,5,3,0,73,42,24.33,59,123.72,0,0,6,2,2012
53,53,BrendonMcCullum,12,12,0,289,56,24.08,283,102.12,0,1,37,3,2012
54,54,BipulSharma,5,4,1,72,35*,24.00,47,153.19,0,0,6,3,2012
55,55,SaurabhTiwary,15,11,3,191,36*,23.87,170,112.35,0,0,9,8,2012
56,56,AndrewMcDonald,4,3,1,47,30,23.50,35,134.28,0,0,6,2,2012
57,57,AndreRussell,4,2,0,47,31,23.50,26,180.76,0,0,3,3,2012
58,58,AzharMahmood,11,10,2,186,36,23.25,142,130.98,0,0,16,8,2012
59,59,NamanOjha,18,16,5,255,64*,23.18,224,113.83,0,1,21,13,2012
60,60,StuartBinny,8,6,2,90,30,22.50,67,134.32,0,0,9,3,2012
61,61,VenugopalRao,10,7,1,132,36,22.00,126,104.76,0,0,8,5,2012
62,62,SiddharthChitnis,6,4,1,66,38,22.00,62,106.45,0,0,7,1,2012
63,63,AnustupMajumdar,4,4,0,87,31,21.75,76,114.47,0,0,7,2,2012
64,64,BrettLee,10,3,1,42,25,21.00,20,210.00,0,0,2,4,2012
65,65,MayankAgarwal,16,12,1,225,64*,20.45,158,142.40,0,1,19,15,2012
66,66,ManishPandey,10,9,2,143,80*,20.42,112,127.67,0,1,12,6,2012
67,67,AshokMenaria,15,12,1,220,40,20.00,202,108.91,0,0,14,8,2012
68,68,RossTaylor,12,12,2,197,55,19.70,171,115.20,0,1,12,7,2012
69,69,YusufPathan,17,16,6,194,40*,19.40,169,114.79,0,0,10,7,2012
70,70,KevonCooper,6,4,2,38,14,19.00,20,190.00,0,0,3,3,2012
71,71,DineshKarthik,17,14,1,238,44,18.30,213,111.73,0,0,30,2,2012
72,72,KumarSangakkara,12,12,1,200,82,18.18,184,108.69,0,1,21,4,2012
73,73,AngeloMathews,9,8,1,127,35,18.14,108,117.59,0,0,5,4,2012
74,74,PawanNegi,8,4,2,36,14,18.00,29,124.13,0,0,4,1,2012
75,75,UnmuktChand,2,2,0,36,18,18.00,34,105.88,0,0,2,3,2012
76,76,RyanHarris,5,2,1,18,15*,18.00,11,163.63,0,0,1,1,2012
77,77,SouravGanguly,15,15,0,268,45,17.86,271,98.89,0,0,30,4,2012
78,78,MarlonSamuels,8,8,1,124,46,17.71,123,100.81,0,0,7,5,2012
79,79,ParthivPatel,14,13,2,194,45,17.63,165,117.57,0,0,19,4,2012
80,80,MichaelClarke,6,6,0,98,41,16.33,93,105.37,0,0,12,0,2012
81,81,RavindraJadeja,19,14,2,191,48,15.91,151,126.49,0,0,13,9,2012
82,82,AlbieMorkel,16,12,5,107,28,15.28,68,157.35,0,0,5,6,2012
83,83,ShakibAl Hasan,8,7,1,91,42,15.16,74,122.97,0,0,6,3,2012
84,84,AbhishekNayar,4,4,1,45,24,15.00,49,91.83,0,0,2,1,2012
85,85,HarmeetSingh Bansal,7,2,1,15,14,15.00,7,214.28,0,0,3,0,2012
86,86,JohanBotha,11,7,3,58,14*,14.50,54,107.40,0,0,4,1,2012
87,87,NitinSaini,10,10,0,140,50,14.00,141,99.29,0,1,16,0,2012
88,88,JamesFaulkner,2,2,1,14,11*,14.00,13,107.69,0,0,0,0,2012
89,89,MohammadKaif,1,1,0,14,14,14.00,16,87.50,0,0,1,0,2012
90,90,RichardLevi,6,6,0,83,50,13.83,73,113.69,0,1,10,4,2012
91,91,ShreevatsGoswami,11,6,1,69,24,13.80,67,102.98,0,0,4,1,2012
92,92,VinayKumar,15,7,2,68,25,13.60,62,109.67,0,0,3,2,2012
93,93,BhuvneshwarKumar,11,9,6,40,11*,13.33,40,100.00,0,0,4,0,2012
94,94,PiyushChawla,16,12,4,106,21*,13.25,88,120.45,0,0,9,4,2012
95,95,LaxmiRatan Shukla,11,8,2,75,26,12.50,57,131.57,0,0,4,5,2012
96,96,CallumFerguson,4,4,0,50,23,12.50,63,79.36,0,0,3,0,2012
97,97,BharatChipli,5,4,1,37,25*,12.33,35,105.71,0,0,3,2,2012
98,98,HarbhajanSingh,17,11,2,108,33,12.00,80,135.00,0,0,14,3,2012
99,99,AbhishekJhunjhunwala,5,3,1,24,19,12.00,26,92.30,0,0,1,1,2012
100,100,PraveenKumar,16,7,4,35,10,11.66,30,116.66,0,0,2,1,2012
0,,,,,,,,,,,,,,,2013
1,1,VinayKumar,16,5,4,70,26*,70.00,44,159.09,0,0,6,3,2013
2,2,DavidMiller,12,12,5,418,101*,59.71,254,164.56,1,3,28,24,2013
3,3,ChrisGayle,16,16,4,708,175*,59.00,453,156.29,1,4,57,51,2013
4,4,MichaelHussey,17,17,3,733,95,52.35,566,129.50,0,6,81,17,2013
5,5,ViratKohli,16,16,2,634,99,45.28,457,138.73,0,6,64,22,2013
6,6,SureshRaina,18,17,4,548,100*,42.15,365,150.13,1,4,50,18,2013
7,7,KieronPollard,18,18,8,420,66*,42.00,281,149.46,0,3,27,29,2013
8,8,MSDhoni,18,16,5,461,67*,41.90,283,162.89,0,4,32,25,2013
9,9,BradHodge,17,14,7,293,54*,41.85,218,134.40,0,1,27,9,2013
10,10,MoisesHenriques,10,9,5,165,44,41.25,125,132.00,0,0,20,3,2013
11,11,SteveSmith,7,7,3,159,41,39.75,132,120.45,0,0,15,4,2013
12,12,ShikharDhawan,10,10,2,311,73*,38.87,253,122.92,0,3,37,5,2013
13,13,ShaneWatson,16,16,2,543,101,38.78,380,142.89,1,2,59,22,2013
14,14,RohitSharma,19,19,5,538,79*,38.42,409,131.54,0,4,35,28,2013
15,15,UmeshYadav,16,8,7,38,12*,38.00,38,100.00,0,0,3,1,2013
16,16,ShaunMarsh,8,8,0,300,77,37.50,249,120.48,0,3,39,4,2013
17,17,ABde Villiers,14,14,4,360,64,36.00,219,164.38,0,2,34,15,2013
18,18,AjinkyaRahane,18,18,4,488,68*,34.85,458,106.55,0,4,42,11,2013
19,19,AaronFinch,14,14,0,456,67,32.57,336,135.71,0,4,54,16,2013
20,20,StuartBinny,17,16,7,293,41*,32.55,199,147.23,0,0,25,12,2013
21,21,BenRohrer,8,8,2,193,64*,32.16,140,137.85,0,1,21,5,2013
22,22,DwayneSmith,13,13,0,418,68,32.15,341,122.58,0,4,40,19,2013
23,23,DavidWarner,16,16,3,410,77,31.53,323,126.93,0,4,41,14,2013
24,24,YusufPathan,16,16,5,332,72,30.18,240,138.33,0,1,30,14,2013
25,25,RahulDravid,18,17,1,471,65,29.43,425,110.82,0,4,64,5,2013
26,26,DarrenSammy,10,9,3,174,60,29.00,132,131.81,0,1,11,10,2013
27,27,LukePomersbach,3,3,1,58,33*,29.00,59,98.30,0,0,5,1,2013
28,28,DineshKarthik,19,19,1,510,86,28.33,411,124.08,0,2,54,14,2013
29,29,Ryanten Doeschate,4,4,1,85,42,28.33,63,134.92,0,0,9,2,2013
30,30,EoinMorgan,14,13,2,307,51,27.90,240,127.91,0,1,28,13,2013
31,31,SaurabhTiwary,9,6,2,109,52,27.25,106,102.83,0,1,4,4,2013
32,32,RobinUthappa,16,16,0,434,75,27.12,371,116.98,0,2,42,12,2013
33,33,DaleSteyn,17,8,6,53,18*,26.50,36,147.22,0,0,5,2,2013
34,34,SanjuSamson,11,10,2,206,63,25.75,178,115.73,0,1,19,5,2013
35,35,GautamGambhir,16,16,0,406,60,25.37,343,118.36,0,4,51,5,2013
36,36,RavindraJadeja,18,14,6,201,38*,25.12,135,148.88,0,0,17,6,2013
37,37,BiplapSamantray,8,7,2,123,55,24.60,111,110.81,0,1,13,2,2013
38,38,AdityaTare,5,5,0,123,59,24.60,84,146.42,0,1,14,5,2013
39,39,VirenderSehwag,13,13,1,295,95*,24.58,233,126.60,0,1,41,6,2013
40,40,AngeloMathews,11,10,3,172,40,24.57,139,123.74,0,0,5,10,2013
41,41,AdamGilchrist,13,13,1,294,85*,24.50,229,128.38,0,1,41,6,2013
42,42,DavidHussey,12,11,1,235,41,23.50,209,112.44,0,0,20,6,2013
43,43,WriddhimanSaha,3,3,0,70,39,23.33,56,125.00,0,0,6,4,2013
44,44,ThisaraPerera,16,14,4,233,40,23.30,163,142.94,0,0,12,14,2013
45,45,CheteshwarPujara,4,4,0,92,51,23.00,99,92.92,0,1,14,0,2013
46,46,SumitNarwal,2,1,0,23,23,23.00,15,153.33,0,0,4,0,2013
47,47,ManishPandey,7,7,1,136,66,22.66,137,99.27,0,1,11,3,2013
48,48,ParthivPatel,13,13,0,294,61,22.61,255,115.29,0,1,37,4,2013
49,49,MuraliVijay,15,15,1,312,55,22.28,286,109.09,0,2,27,8,2013
50,50,SachinTendulkar,14,14,1,287,54,22.07,231,124.24,0,1,38,5,2013
51,51,MahelaJayawardene,15,15,0,331,66,22.06,313,105.75,0,2,39,6,2013
52,52,ChidhambaramGautam,3,3,1,44,30,22.00,34,129.41,0,0,4,1,2013
53,53,RajagopalSathish,9,8,3,109,27*,21.80,77,141.55,0,0,9,5,2013
54,54,KedarJadhav,12,10,3,152,31,21.71,124,122.58,0,0,8,5,2013
55,55,KarnSharma,13,7,3,85,39*,21.25,86,98.83,0,0,6,2,2013
56,56,LukeWright,6,6,1,106,44,21.20,60,176.66,0,0,16,3,2013
57,57,BrettLee,3,2,1,21,16*,21.00,12,175.00,0,0,1,2,2013
58,58,AshishReddy,12,10,4,125,36*,20.83,89,140.44,0,0,8,5,2013
59,59,JacquesKallis,16,16,1,311,41,20.73,322,96.58,0,0,35,3,2013
60,60,MananVohra,12,10,2,161,43*,20.12,117,137.60,0,0,22,2,2013
61,61,MandeepSingh,16,14,1,260,77*,20.00,223,116.59,0,1,36,0,2013
62,62,MitchellMarsh,9,8,1,140,38,20.00,106,132.07,0,0,6,10,2013
63,63,YuvrajSingh,13,13,1,238,34,19.83,190,125.26,0,0,14,15,2013
64,64,ManvinderBisla,14,14,1,255,92,19.61,236,108.05,0,2,36,6,2013
65,65,AzharMahmood,11,10,0,196,80,19.60,154,127.27,0,2,22,5,2013
66,66,HarbhajanSingh,19,14,8,116,25*,19.33,79,146.83,0,0,12,5,2013
67,67,AbhinavMukund,1,1,0,19,19,19.00,21,90.47,0,0,1,0,2013
68,68,AmbatiRayudu,19,17,3,265,37,18.92,231,114.71,0,0,22,4,2013
69,69,ManojTiwary,10,9,1,146,33,18.25,140,104.28,0,0,12,1,2013
70,70,GlennMaxwell,3,3,1,36,23,18.00,27,133.33,0,0,1,4,2013
71,71,ManpreetJuneja,7,7,0,125,49,17.85,128,97.65,0,0,11,1,2013
72,72,IrfanPathan,15,13,5,142,24,17.75,152,93.42,0,0,9,3,2013
73,73,SubramaniamBadrinath,18,8,1,124,34,17.71,121,102.47,0,0,11,0,2013
74,74,UnmuktChand,9,9,0,158,41,17.55,158,100.00,0,0,17,4,2013
75,75,CameronWhite,13,13,1,209,52,17.41,191,109.42,0,1,18,7,2013
76,76,HanumaVihari,17,17,3,241,46,17.21,278,86.69,0,0,17,1,2013
77,77,KaneRichardson,3,2,0,34,26,17.00,36,94.44,0,0,2,1,2013
78,78,RajatBhatia,15,10,4,99,26*,16.50,80,123.75,0,0,8,3,2013
79,79,BharatChipli,1,1,0,16,16,16.00,18,88.88,0,0,1,1,2013
80,80,DishantYagnik,12,9,1,125,34,15.62,96,130.20,0,0,17,2,2013
81,81,AlbieMorkel,8,3,0,46,23,15.33,37,124.32,0,0,2,3,2013
82,82,TillakaratneDilshan,5,5,0,76,33,15.20,93,81.72,0,0,12,0,2013
83,83,DwayneBravo,18,12,4,121,23*,15.12,106,114.15,0,0,11,3,2013
84,84,DebabrataDas,10,6,1,75,23,15.00,74,101.35,0,0,5,5,2013
85,85,AmitMishra,17,8,2,89,30,14.83,96,92.70,0,0,9,0,2013
86,86,DwarakaRavi Teja,2,2,1,14,10,14.00,17,82.35,0,0,0,0,2013
87,87,ArunKarthik,12,5,2,41,19*,13.66,38,107.89,0,0,3,1,2013
88,88,GurkeeratMann Singh,11,9,1,108,31,13.50,95,113.68,0,0,10,3,2013
89,89,MayankAgarwal,5,5,0,67,29,13.40,62,108.06,0,0,6,3,2013
90,90,KumarSangakkara,9,9,0,120,28,13.33,136,88.23,0,0,13,0,2013
91,91,AkshathReddy,7,7,0,91,27,13.00,101,90.09,0,0,9,0,2013
92,92,RossTaylor,5,5,0,63,19,12.60,76,82.89,0,0,2,1,2013
93,93,OwaisShah,2,2,0,25,24,12.50,23,108.69,0,0,2,0,2013
94,94,AjitAgarkar,4,2,1,12,9*,12.00,16,75.00,0,0,0,0,2013
95,95,JamesFaulkner,16,9,4,57,19*,11.40,57,100.00,0,0,5,2,2013
96,96,MorneMorkel,10,6,1,57,23*,11.40,29,196.55,0,0,6,3,2013
97,97,ManpreetGony,8,5,1,45,42,11.25,25,180.00,0,0,4,3,2013
98,98,AbhishekNayar,11,9,3,66,25*,11.00,73,90.41,0,0,5,0,2013
99,99,Roelofvan der Merwe,3,2,0,22,14,11.00,25,88.00,0,0,2,0,2013
100,100,PiyushChawla,16,11,5,64,23,10.66,57,112.28,0,0,5,3,2013
0,,,,,,,,,,,,,,,2014
1,1,MSDhoni,16,15,10,371,57*,74.20,250,148.40,0,1,22,20,2014
2,2,DavidHussey,5,4,2,116,50*,58.00,94,123.40,0,1,8,6,2014
3,3,LendlSimmons,8,8,1,394,100*,56.28,291,135.39,1,3,43,14,2014
4,4,JPDuminy,14,14,6,410,67*,51.25,305,134.42,0,2,22,20,2014
5,5,DavidWarner,14,14,3,528,90,48.00,375,140.80,0,6,39,24,2014
6,6,JamesFaulkner,13,12,8,181,41*,45.25,94,192.55,0,0,8,16,2014
7,7,DavidMiller,16,16,6,446,66,44.60,299,149.16,0,3,34,21,2014
8,8,RobinUthappa,16,16,1,660,83*,44.00,479,137.78,0,5,74,18,2014
9,9,RishiDhawan,13,6,4,82,23*,41.00,75,109.33,0,0,8,1,2014
10,10,MananVohra,8,8,0,324,67,40.50,233,139.05,0,1,27,16,2014
11,11,SureshRaina,16,16,3,523,87,40.23,358,146.08,0,5,51,19,2014
12,12,NamanOjha,11,10,4,232,79*,38.66,161,144.09,0,1,14,17,2014
13,13,SteveSmith,10,7,3,147,48*,36.75,110,133.63,0,0,13,4,2014
14,14,ABde Villiers,14,13,2,395,89*,35.90,249,158.63,0,3,26,24,2014
15,15,DwayneSmith,16,16,0,566,79,35.37,416,136.05,0,5,50,34,2014
16,16,ShaunMarsh,2,2,0,70,40,35.00,52,134.61,0,0,7,3,2014
17,17,GlennMaxwell,16,16,0,552,95,34.50,294,187.75,0,4,48,36,2014
18,18,YuvrajSingh,14,14,3,376,83,34.18,278,135.25,0,3,22,28,2014
19,19,KieronPollard,15,15,7,273,78,34.12,203,134.48,0,1,15,15,2014
20,20,BradHodge,4,4,1,101,40,33.66,72,140.27,0,0,4,6,2014
21,21,KarunNair,11,11,1,330,73*,33.00,232,142.24,0,3,38,9,2014
22,22,WriddhimanSaha,17,13,2,362,115*,32.90,249,145.38,1,2,33,18,2014
23,23,SuryakumarYadav,16,10,5,164,34,32.80,117,140.17,0,0,16,5,2014
24,24,ShakibAl Hasan,13,11,4,227,60,32.42,152,149.34,0,1,22,7,2014
25,25,BrendonMcCullum,14,14,1,405,71*,31.15,333,121.62,0,3,32,19,2014
26,26,ManishPandey,16,16,3,401,94,30.84,340,117.94,0,2,35,10,2014
27,27,ManojTiwary,8,8,3,152,61*,30.40,118,128.81,0,1,14,4,2014
28,28,RohitSharma,15,15,2,390,59*,30.00,302,129.13,0,3,31,16,2014
29,29,KedarJadhav,10,10,5,149,37,29.80,101,147.52,0,0,13,7,2014
30,30,YusufPathan,15,12,3,268,72,29.77,165,162.42,0,1,15,20,2014
31,31,CoreyAnderson,12,11,2,265,95*,29.44,181,146.40,0,1,21,15,2014
32,32,KevinPietersen,11,11,1,294,58,29.40,233,126.18,0,1,34,7,2014
33,33,RavindraJadeja,16,10,5,146,36*,29.20,110,132.72,0,0,9,5,2014
34,34,ShikharDhawan,14,14,1,377,64*,29.00,319,118.18,0,2,49,7,2014
35,35,ChrisLynn,2,2,0,58,45,29.00,49,118.36,0,0,5,3,2014
36,36,GeorgeBailey,17,16,7,257,40*,28.55,190,135.26,0,0,19,10,2014
37,37,AjinkyaRahane,13,12,0,339,72,28.25,291,116.49,0,3,38,3,2014
38,38,AaronFinch,13,13,2,309,88*,28.09,263,117.49,0,2,31,9,2014
39,39,ViratKohli,14,14,1,359,73,27.61,294,122.10,0,2,23,16,2014
40,40,Fafdu Plessis,15,12,1,303,54*,27.54,235,128.93,0,2,26,7,2014
41,41,IrfanPathan,10,6,4,55,23*,27.50,54,101.85,0,0,5,0,2014
42,42,VirenderSehwag,17,17,0,455,122,26.76,315,144.44,1,1,56,18,2014
43,43,SanjuSamson,13,13,0,339,74,26.07,273,124.17,0,2,25,17,2014
44,44,AmbatiRayudu,15,14,0,361,68,25.78,287,125.78,0,2,31,8,2014
45,45,JacquesKallis,8,7,1,151,72,25.16,129,117.05,0,1,13,4,2014
46,46,CheteshwarPujara,6,6,1,125,40*,25.00,124,100.80,0,0,17,0,2014
47,47,SachinRana,9,7,4,73,19*,24.33,65,112.30,0,0,7,1,2014
48,48,VenugopalRao,7,5,2,71,27,23.66,63,112.69,0,0,8,0,2014
49,49,MichaelHussey,9,9,0,209,56,23.22,182,114.83,0,2,17,7,2014
50,50,DineshKarthik,14,14,0,325,69,23.21,258,125.96,0,3,28,11,2014
51,51,GautamGambhir,16,16,1,335,69,22.33,293,114.33,0,3,36,4,2014
52,52,Quintonde Kock,7,7,0,153,48,21.85,130,117.69,0,0,19,4,2014
53,53,ChrisGayle,9,9,0,196,46,21.77,184,106.52,0,0,18,12,2014
54,54,YogeshTakawale,5,5,0,104,45,20.80,91,114.28,0,0,17,1,2014
55,55,KLRahul,11,8,0,166,46,20.75,164,101.21,0,0,12,3,2014
56,56,ParthivPatel,12,12,2,205,57*,20.50,185,110.81,0,1,30,1,2014
57,57,ShaneWatson,13,13,1,240,51,20.00,196,122.44,0,2,19,14,2014
58,58,RossTaylor,4,4,1,59,43*,19.66,59,100.00,0,0,6,0,2014
59,59,MuraliVijay,11,11,0,207,52,18.81,192,107.81,0,1,20,5,2014
60,60,MitchellJohnson,14,8,5,56,16*,18.66,50,112.00,0,0,4,3,2014
61,61,RahulShukla,3,3,2,18,14,18.00,21,85.71,0,0,2,0,2014
62,62,MithunManhas,12,5,3,35,13*,17.50,23,152.17,0,0,3,1,2014
63,63,ChidhambaramGautam,9,9,2,121,33,17.28,111,109.00,0,0,13,5,2014
64,64,AnkitSharma,3,2,0,34,30,17.00,30,113.33,0,0,4,1,2014
65,65,RahulTewatia,3,1,0,16,16,16.00,13,123.07,0,0,0,1,2014
66,66,JasonHolder,1,1,0,16,16,16.00,12,133.33,0,0,2,1,2014
67,67,AdityaTare,15,12,4,126,24,15.75,98,128.57,0,0,16,3,2014
68,68,DarrenSammy,10,9,2,108,29,15.42,91,118.68,0,0,4,8,2014
69,69,RavichandranAshwin,16,6,3,45,14,15.00,45,100.00,0,0,4,0,2014
70,70,AlbieMorkel,7,5,2,45,16,15.00,41,109.75,0,0,1,3,2014
71,71,VijayZol,3,2,0,29,16,14.50,26,111.53,0,0,3,1,2014
72,72,MayankAgarwal,8,8,0,115,31,14.37,91,126.37,0,0,12,3,2014
73,73,AbhishekNayar,5,4,1,43,23,14.33,47,91.48,0,0,5,1,2014
74,74,MitchellStarc,14,9,3,85,29,14.16,84,101.19,0,0,9,0,2014
75,75,JimmyNeesham,4,3,0,42,22,14.00,46,91.30,0,0,3,1,2014
76,76,RajatBhatia,12,7,2,67,23,13.40,53,126.41,0,0,4,3,2014
77,77,BenDunk,3,3,0,40,20,13.33,35,114.28,0,0,7,0,2014
78,78,Ryanten Doeschate,10,7,3,52,25*,13.00,33,157.57,0,0,3,4,2014
79,79,KevonCooper,5,5,2,39,32,13.00,26,150.00,0,0,2,3,2014
80,80,RileeRossouw,3,3,0,39,24,13.00,41,95.12,0,0,2,2,2014
81,81,RaviRampaul,2,1,0,13,13,13.00,13,100.00,0,0,0,1,2014
82,82,StuartBinny,13,12,2,123,48*,12.30,121,101.65,0,0,4,5,2014
83,83,ShreyasGopal,4,1,0,11,11,11.00,10,110.00,0,0,1,0,2014
84,84,KarnSharma,14,8,4,42,17*,10.50,29,144.82,0,0,1,3,2014
85,85,AxarPatel,17,8,2,62,42*,10.33,60,103.33,0,0,6,1,2014
86,86,PiyushChawla,11,5,2,31,17*,10.33,19,163.15,0,0,4,1,2014
87,87,LaxmiRatan Shukla,5,3,0,31,21,10.33,38,81.57,0,0,2,1,2014
88,88,MandeepSingh,3,3,0,24,21,8.00,26,92.30,0,0,2,0,2014
89,89,NicMaddinson,2,2,0,16,12,8.00,14,114.28,0,0,3,0,2014
90,90,ZaheerKhan,6,4,3,8,7*,8.00,7,114.28,0,0,0,1,2014
91,91,BenCutting,1,1,0,8,8,8.00,6,133.33,0,0,0,1,2014
92,92,DaleSteyn,14,4,1,22,12,7.33,26,84.61,0,0,1,0,2014
93,93,HarshalPatel,3,3,1,13,6,6.50,7,185.71,0,0,1,1,2014
94,94,HarbhajanSingh,14,7,2,28,10*,5.60,25,112.00,0,0,2,2,2014
95,95,SunilNarine,16,5,3,10,6,5.00,14,71.42,0,0,0,0,2014
96,96,ShivamSharma,4,2,1,5,4,5.00,3,166.66,0,0,1,0,2014
97,97,MoisesHenriques,4,2,0,9,9,4.50,14,64.28,0,0,1,0,2014
98,98,ImranTahir,6,2,0,8,4,4.00,10,80.00,0,0,2,0,2014
99,99,AshokDinda,9,3,2,4,2*,4.00,12,33.33,0,0,0,0,2014
100,100,AmitMishra,10,2,1,4,4*,4.00,7,57.14,0,0,0,0,2014
0,,,,,,,,,,,,,,,2015
1,1,AlbieMorkel,4,3,2,86,73*,86.00,65,132.30,0,1,9,2,2015
2,2,AjinkyaRahane,14,13,2,540,91*,49.09,413,130.75,0,4,53,13,2015
3,3,JagadeeshaSuchith,13,6,5,48,34*,48.00,32,150.00,0,0,4,2,2015
4,4,ABde Villiers,16,14,3,513,133*,46.63,293,175.08,1,2,60,22,2015
5,5,ViratKohli,16,16,5,505,82*,45.90,386,130.82,0,3,35,23,2015
6,6,LendlSimmons,13,13,1,540,71,45.00,441,122.44,0,6,56,21,2015
7,7,YusufPathan,13,12,5,312,52,44.57,231,135.06,0,1,29,12,2015
8,8,ShaneWatson,10,9,1,347,104*,43.37,257,135.01,1,1,37,14,2015
9,9,DavidWarner,14,14,1,562,91,43.23,359,156.54,0,7,65,21,2015
10,10,JPDuminy,14,13,3,414,78*,41.40,315,131.42,0,4,27,20,2015
11,11,MoisesHenriques,9,9,2,287,74*,41.00,211,136.01,0,2,19,13,2015
12,12,ChrisGayle,14,14,2,491,117,40.91,333,147.44,1,2,39,38,2015
13,13,Quintonde Kock,3,3,0,122,69,40.66,77,158.44,0,2,18,4,2015
14,14,KieronPollard,16,14,3,419,70,38.09,256,163.67,0,2,28,28,2015
15,15,CoreyAnderson,4,4,1,114,55*,38.00,97,117.52,0,2,11,6,2015
16,16,ChrisMorris,11,7,5,76,34*,38.00,46,165.21,0,0,3,5,2015
17,17,AndreRussell,13,11,2,326,66,36.22,169,192.89,0,3,35,19,2015
18,18,RohitSharma,16,16,2,482,98*,34.42,333,144.74,0,3,41,21,2015
19,19,ShreyasIyer,14,14,1,439,83,33.76,342,128.36,0,4,41,21,2015
20,20,BrendonMcCullum,14,14,1,436,100*,33.53,280,155.71,1,2,51,23,2015
21,21,DavidMiller,13,13,2,357,89*,32.45,266,134.21,0,2,21,21,2015
22,22,AmbatiRayudu,15,14,5,281,53*,31.22,193,145.59,0,1,18,16,2015
23,23,MSDhoni,17,17,5,372,53,31.00,305,121.96,0,1,27,17,2015
24,24,KaneWilliamson,2,2,1,31,26*,31.00,27,114.81,0,0,1,1,2015
25,25,DavidWiese,14,7,3,122,47*,30.50,86,141.86,0,0,12,4,2015
26,26,RobinUthappa,13,13,1,364,80*,30.33,277,131.40,0,1,42,7,2015
27,27,Fafdu Plessis,17,15,2,380,55,29.23,304,125.00,0,1,37,5,2015
28,28,RaviBopara,9,8,3,145,41,29.00,120,120.83,0,0,6,6,2015
29,29,UmeshYadav,12,4,3,29,24*,29.00,14,207.14,0,0,5,1,2015
30,30,ManojTiwary,5,3,1,57,32,28.50,56,101.78,0,0,8,1,2015
31,31,KLRahul,9,8,3,142,44*,28.40,126,112.69,0,0,8,5,2015
32,32,SarfarazKhan,13,8,4,111,45*,27.75,71,156.33,0,0,12,2,2015
33,33,ShikharDhawan,14,14,1,353,54,27.15,286,123.42,0,3,45,6,2015
34,34,SteveSmith,14,12,1,293,79*,26.63,221,132.57,0,2,33,3,2015
35,35,ParthivPatel,14,14,1,339,59,26.07,246,137.80,0,2,47,5,2015
36,36,GautamGambhir,13,13,0,327,60,25.15,278,117.62,0,3,41,4,2015
37,37,DwayneSmith,16,16,0,399,62,24.93,335,119.10,0,2,52,16,2015
38,38,SureshRaina,17,17,2,374,62,24.93,304,123.02,0,2,31,16,2015
39,39,AshishReddy,6,5,2,73,22*,24.33,46,158.69,0,0,3,5,2015
40,40,MayankAgarwal,10,10,1,213,68,23.66,177,120.33,0,2,23,7,2015
41,41,KedarJadhav,14,12,4,189,63*,23.62,140,135.00,0,1,16,7,2015
42,42,GeorgeBailey,13,13,2,259,61*,23.54,190,136.31,0,2,22,7,2015
43,43,EoinMorgan,9,9,1,187,63,23.37,151,123.84,0,1,11,11,2015
44,44,AxarPatel,14,12,3,206,40*,22.88,174,118.39,0,0,13,8,2015
45,45,MuraliVijay,11,11,0,251,39,22.81,228,110.08,0,0,27,8,2015
46,46,MandeepSingh,14,9,2,157,54*,22.42,100,157.00,0,1,17,6,2015
47,47,HardikPandya,9,8,3,112,61*,22.40,62,180.64,0,1,9,8,2015
48,48,DwayneBravo,17,14,5,195,62*,21.66,148,131.75,0,1,22,5,2015
49,49,AngeloMathews,11,10,3,144,28,20.57,104,138.46,0,0,12,6,2015
50,50,ManishPandey,13,12,1,225,40,20.45,184,122.28,0,0,22,7,2015
51,51,SanjuSamson,14,11,1,204,76,20.40,163,125.15,0,1,16,8,2015
52,52,UnmuktChand,6,5,0,102,58,20.40,83,122.89,0,1,13,2,2015
53,53,Ryanten Doeschate,6,5,2,61,38*,20.33,45,135.55,0,0,4,3,2015
54,54,ShaunMarsh,4,4,0,81,65,20.25,58,139.65,0,1,7,3,2015
55,55,DaleSteyn,6,3,2,20,19*,20.00,13,153.84,0,0,3,0,2015
56,56,MichaelHussey,4,4,0,77,56,19.25,70,110.00,0,1,5,3,2015
57,57,WriddhimanSaha,14,13,0,249,42,19.15,197,126.39,0,0,16,10,2015
58,58,YuvrajSingh,14,13,0,248,57,19.07,210,118.09,0,2,23,10,2015
59,59,RavindraJadeja,17,12,5,132,24,18.85,126,104.76,0,0,7,3,2015
60,60,StuartBinny,13,8,4,74,20,18.50,66,112.12,0,0,7,1,2015
61,61,ManvinderBisla,2,2,0,37,20,18.50,30,123.33,0,0,6,1,2015
62,62,JamesFaulkner,13,11,3,144,46,18.00,109,132.11,0,0,12,5,2015
63,63,RishiDhawan,5,5,3,36,25*,18.00,33,109.09,0,0,2,2,2015
64,64,SuryakumarYadav,13,13,4,157,46*,17.44,113,138.93,0,0,12,8,2015
65,65,KarnSharma,14,9,3,104,32,17.33,85,122.35,0,0,3,6,2015
66,66,RavichandranAshwin,14,6,3,52,23,17.33,32,162.50,0,0,6,1,2015
67,67,BhuvneshwarKumar,14,3,2,17,11*,17.00,10,170.00,0,0,2,1,2015
68,68,DeepakHooda,14,9,0,151,54,16.77,95,158.94,0,1,6,11,2015
69,69,HarbhajanSingh,15,10,3,117,64,16.71,73,160.27,0,1,9,9,2015
70,70,KarunNair,14,12,1,181,61,16.45,145,124.82,0,1,18,5,2015
71,71,PawanNegi,10,9,1,116,36,14.50,73,158.90,0,0,10,5,2015
72,72,NamanOjha,14,11,1,137,28,13.70,121,113.22,0,0,12,4,2015
73,73,PiyushChawla,13,8,4,54,22,13.50,47,114.89,0,0,5,2,2015
74,74,GlennMaxwell,11,11,0,145,43,13.18,112,129.46,0,0,13,8,2015
75,75,TimSouthee,7,3,2,13,7*,13.00,9,144.44,0,0,1,0,2015
76,76,MitchellMcClenaghan,12,3,2,13,12*,13.00,6,216.66,0,0,0,2,2015
77,77,DineshKarthik,16,11,0,141,28,12.81,117,120.51,0,0,15,4,2015
78,78,VirenderSehwag,8,8,0,99,47,12.37,84,117.85,0,0,12,3,2015
79,79,ShakibAl Hasan,4,3,0,36,23,12.00,27,133.33,0,0,5,0,2015
80,80,MananVohra,7,7,0,82,39,11.71,81,101.23,0,0,4,5,2015
81,81,AaronFinch,3,3,1,23,10*,11.50,33,69.69,0,0,4,0,2015
82,82,KaranveerSingh,4,3,2,11,5*,11.00,16,68.75,0,0,1,0,2015
83,83,MitchellStarc,13,3,2,11,9*,11.00,14,78.57,0,0,1,0,2015
84,84,JohanBotha,4,3,0,31,17,10.33,15,206.66,0,0,5,1,2015
85,85,IqbalAbdulla,5,2,0,20,20,10.00,18,111.11,0,0,4,0,2015
86,86,AbuNechim,3,3,2,10,5*,10.00,5,200.00,0,0,2,0,2015
87,87,HanumaVihari,5,4,0,39,16,9.75,35,111.42,0,0,6,0,2015
88,88,MohitSharma,16,6,3,28,21*,9.33,18,155.55,0,0,1,2,2015
89,89,SandeepSharma,14,3,2,9,7,9.00,14,64.28,0,0,1,0,2015
90,90,MitchellJohnson,9,8,4,31,13*,7.75,36,86.11,0,0,1,1,2015
91,91,SeanAbbott,2,2,0,15,14,7.50,13,115.38,0,0,1,1,2015
92,92,GurkeeratMann Singh,5,5,0,35,15,7.00,39,89.74,0,0,3,1,2015
93,93,AdityaTare,2,2,0,14,7,7.00,17,82.35,0,0,1,0,2015
94,94,RileeRossouw,2,2,0,14,14,7.00,10,140.00,0,0,1,1,2015
95,95,AnkitSharma,4,2,1,7,7*,7.00,6,116.66,0,0,1,0,2015
96,96,BradHogg,6,2,1,7,5,7.00,6,116.66,0,0,0,0,2015
97,97,DarrenSammy,2,2,0,13,7,6.50,18,72.22,0,0,0,0,2015
98,98,AnureetSingh,14,6,3,18,10,6.00,31,58.06,0,0,0,1,2015
99,99,ThisaraPerera,2,2,0,12,9,6.00,15,80.00,0,0,0,1,2015
100,100,VarunAaron,6,1,0,6,6,6.00,3,200.00,0,0,0,1,2015
0,,,,,,,,,,,,,,,2016
1,1,ViratKohli,16,16,4,973,113,81.08,640,152.03,4,7,83,38,2016
2,2,YusufPathan,15,13,8,361,63*,72.20,248,145.56,0,3,33,13,2016
3,3,ChrisMorris,12,7,4,195,82*,65.00,109,178.89,0,1,15,12,2016
4,4,DavidWarner,17,17,3,848,93*,60.57,560,151.42,0,9,88,31,2016
5,5,ABde Villiers,16,16,3,687,129*,52.84,407,168.79,1,6,57,37,2016
6,6,SteveSmith,8,7,1,270,101,45.00,176,153.40,1,0,27,8,2016
7,7,RohitSharma,14,14,3,489,85*,44.45,368,132.88,0,5,49,16,2016
8,8,KLRahul,14,12,3,397,68*,44.11,271,146.49,0,4,37,16,2016
9,9,AjinkyaRahane,14,14,3,480,74,43.63,379,126.64,0,6,54,9,2016
10,10,MSDhoni,14,12,5,284,64*,40.57,210,135.23,0,1,18,14,2016
11,11,KrunalPandya,12,9,3,237,86,39.50,124,191.12,0,1,22,13,2016
12,12,AaronFinch,13,12,2,393,74,39.30,299,131.43,0,5,45,11,2016
13,13,ShikharDhawan,17,17,4,501,82*,38.53,429,116.78,0,4,51,8,2016
14,14,GautamGambhir,15,15,2,501,90*,38.53,411,121.89,0,5,54,6,2016
15,15,JPDuminy,10,8,3,191,49*,38.20,156,122.43,0,0,13,3,2016
16,16,Quintonde Kock,13,13,1,445,108,37.08,327,136.08,1,3,52,13,2016
17,17,MarcusStoinis,7,5,1,146,52,36.50,108,135.18,0,1,13,4,2016
18,18,KevinPietersen,4,4,2,73,37,36.50,61,119.67,0,0,4,3,2016
19,19,KarunNair,14,12,2,357,83*,35.70,297,120.20,0,3,40,6,2016
20,20,MuraliVijay,14,14,1,453,89,34.84,364,124.45,0,5,50,10,2016
21,21,NitishRana,4,3,0,104,70,34.66,75,138.66,0,1,7,8,2016
22,22,Fafdu Plessis,6,6,0,206,69,34.33,162,127.16,0,2,17,9,2016
23,23,RajatBhatia,10,6,5,34,21,34.00,20,170.00,0,0,1,2,2016
24,24,SarfarazKhan,5,4,2,66,35*,33.00,31,212.90,0,0,7,4,2016
25,25,BenCutting,4,4,2,65,39*,32.50,34,191.17,0,0,4,6,2016
26,26,ShaunMarsh,6,6,1,159,56*,31.80,134,118.65,0,1,13,4,2016
27,27,ManishPandey,12,11,3,248,52,31.00,183,135.51,0,2,17,9,2016
28,28,HarbhajanSingh,14,7,4,92,45*,30.66,84,109.52,0,0,11,2,2016
29,29,AmbatiRayudu,13,12,1,334,65,30.36,278,120.14,0,2,28,12,2016
30,30,DwayneSmith,12,12,1,324,73,29.45,221,146.60,0,3,35,16,2016
31,31,SureshRaina,15,15,1,399,75,28.50,312,127.88,0,3,39,10,2016
32,32,PawanNegi,8,6,4,57,19*,28.50,59,96.61,0,0,2,3,2016
33,33,TravisHead,3,3,1,54,37,27.00,40,135.00,0,0,3,2,2016
34,34,AndreRussell,12,8,1,188,39*,26.85,114,164.91,0,0,10,15,2016
35,35,SuryakumarYadav,15,11,4,186,60,26.57,143,130.06,0,1,19,5,2016
36,36,SanjuSamson,14,14,3,291,60,26.45,259,112.35,0,1,20,8,2016
37,37,RobinUthappa,15,15,0,394,72,26.26,289,136.33,0,3,45,8,2016
38,38,YuvrajSingh,10,10,1,236,44,26.22,179,131.84,0,0,22,13,2016
39,39,HashimAmla,6,6,0,157,96,26.16,119,131.93,0,1,20,4,2016
40,40,KieronPollard,13,12,4,207,51*,25.87,144,143.75,0,1,11,16,2016
41,41,DineshKarthik,16,15,2,335,53,25.76,266,125.93,0,3,38,3,2016
42,42,JamesFaulkner,7,5,2,77,32,25.66,59,130.50,0,0,7,0,2016
43,43,BipulSharma,7,4,2,51,27*,25.50,25,204.00,0,0,1,5,2016
44,44,ChrisLynn,2,2,1,25,15,25.00,22,113.63,0,0,0,1,2016
45,45,RishabhPant,10,10,2,198,69,24.75,152,130.26,0,1,19,6,2016
46,46,EoinMorgan,7,6,1,123,51,24.60,105,117.14,0,1,8,4,2016
47,47,WriddhimanSaha,12,12,1,270,56,24.54,212,127.35,0,2,29,1,2016
48,48,SaurabhTiwary,10,7,0,170,57,24.28,141,120.56,0,2,17,4,2016
49,49,SachinBaby,11,6,1,119,33,23.80,79,150.63,0,0,9,5,2016
50,50,AshishReddy,4,3,1,47,32,23.50,29,162.06,0,0,2,4,2016
51,51,JosButtler,14,14,3,255,41,23.18,184,138.58,0,0,23,11,2016
52,52,MananVohra,7,7,0,161,51,23.00,131,122.90,0,1,19,3,2016
53,53,ShakibAl Hasan,10,7,2,114,66*,22.80,106,107.54,0,1,7,5,2016
54,54,ChrisGayle,10,10,0,227,76,22.70,150,151.33,0,2,17,21,2016
55,55,GurkeeratMann Singh,7,6,1,113,51,22.60,86,131.39,0,1,11,3,2016
56,56,BrendonMcCullum,16,16,0,354,60,22.12,262,135.11,0,1,38,16,2016
57,57,SamBillings,5,4,0,88,54,22.00,64,137.50,0,1,4,4,2016
58,58,ThisaraPerera,12,10,3,150,34,21.42,93,161.29,0,0,7,11,2016
59,59,RavindraJadeja,15,15,6,191,36*,21.22,178,107.30,0,0,14,4,2016
60,60,UsmanKhawaja,6,6,0,127,30,21.16,100,127.00,0,0,14,3,2016
61,61,GeorgeBailey,6,5,1,84,34,21.00,98,85.71,0,0,9,2,2016
62,62,StuartBinny,14,6,3,63,21,21.00,39,161.53,0,0,5,4,2016
63,63,KaneWilliamson,6,6,0,124,50,20.66,122,101.63,0,1,14,0,2016
64,64,RavichandranAshwin,14,6,4,41,29,20.50,38,107.89,0,0,3,1,2016
65,65,GlennMaxwell,11,11,2,179,68,19.88,124,144.35,0,2,14,8,2016
66,66,MartinGuptill,3,3,0,57,48,19.00,55,103.63,0,0,3,3,2016
67,67,PradeepSahu,5,2,1,19,18*,19.00,13,146.15,0,0,1,1,2016
68,68,ParthivPatel,10,10,0,177,81,17.70,152,116.44,0,1,23,4,2016
69,69,DavidMiller,14,13,3,161,31,16.10,131,122.90,0,0,11,4,2016
70,70,AlbieMorkel,2,1,0,16,16,16.00,9,177.77,0,0,0,2,2016
71,71,AxarPatel,14,10,3,111,36*,15.85,77,144.15,0,0,4,8,2016
72,72,MoisesHenriques,17,15,3,182,31*,15.16,158,115.18,0,0,15,6,2016
73,73,CarlosBrathwaite,8,6,0,83,34,13.83,38,218.42,0,0,6,8,2016
74,74,ShaneWatson,16,15,2,179,36,13.76,134,133.58,0,0,14,12,2016
75,75,NamanOjha,17,13,3,136,37,13.60,138,98.55,0,0,7,5,2016
76,76,KyleAbbott,5,3,2,13,12*,13.00,8,162.50,0,0,0,1,2016
77,77,VinayKumar,3,2,1,13,12,13.00,12,108.33,0,0,0,1,2016
78,78,KCCariappa,5,2,1,13,12*,13.00,11,118.18,0,0,0,1,2016
79,79,DwayneBravo,15,13,5,99,22*,12.37,82,120.73,0,0,11,1,2016
80,80,EklavyaDwivedi,4,2,0,24,19,12.00,14,171.42,0,0,2,2,2016
81,81,DhawalKulkarni,14,5,3,23,6*,11.50,15,153.33,0,0,2,0,2016
82,82,NikhilNaik,2,2,0,23,22,11.50,31,74.19,0,0,1,0,2016
83,83,MitchellMcClenaghan,14,5,2,34,20,11.33,23,147.82,0,0,2,3,2016
84,84,DeepakHooda,17,15,1,144,34,10.28,121,119.00,0,0,9,5,2016
85,85,TimSouthee,11,4,1,30,25,10.00,19,157.89,0,0,1,2,2016
86,86,ColinMunro,4,3,0,30,16,10.00,30,100.00,0,0,3,0,2016
87,87,ParveezRasool,4,1,0,10,10,10.00,9,111.11,0,0,1,0,2016
88,88,MayankAgarwal,3,3,0,27,10,9.00,25,108.00,0,0,3,1,2016
89,89,PiyushChawla,12,3,0,27,11,9.00,26,103.84,0,0,4,0,2016
90,90,UmeshYadav,9,2,1,9,7*,9.00,5,180.00,0,0,0,1,2016
91,91,IshanKishan,5,5,0,42,27,8.40,41,102.43,0,0,5,0,2016
92,92,MohitSharma,14,6,2,32,15,8.00,26,123.07,0,0,3,1,2016
93,93,RajagopalSathish,4,3,0,24,10,8.00,24,100.00,0,0,1,1,2016
94,94,JaspritBumrah,14,2,1,8,6,8.00,11,72.72,0,0,1,0,2016
95,95,LendlSimmons,1,1,0,8,8,8.00,8,100.00,0,0,0,1,2016
96,96,BhuvneshwarKumar,17,8,2,43,21,7.16,27,159.25,0,0,6,1,2016
97,97,PraveenKumar,16,7,3,28,15,7.00,27,103.70,0,0,4,0,2016
98,98,FarhaanBehardien,3,3,1,14,9*,7.00,13,107.69,0,0,2,0,2016
99,99,SunilNarine,11,4,3,7,4,7.00,13,53.84,0,0,0,0,2016
100,100,MitchellMarsh,3,1,0,7,7,7.00,11,63.63,0,0,0,0,2016
0,,,,,,,,,,,,,,,2017
1,1,HashimAmla,10,10,3,420,104*,60.00,288,145.83,2,2,40,17,2017
2,2,DavidWarner,14,14,3,641,126,58.27,452,141.81,1,4,63,26,2017
3,3,SaurabhTiwary,1,1,0,52,52,52.00,43,120.93,0,1,9,0,2017
4,4,VijayShankar,4,4,2,101,63*,50.50,75,134.66,0,1,12,1,2017
5,5,ManishPandey,14,13,5,396,81*,49.50,308,128.57,0,2,28,12,2017
6,6,ChrisLynn,7,7,1,295,93*,49.16,163,180.98,0,3,25,19,2017
7,7,AmitMishra,14,6,5,49,13*,49.00,52,94.23,0,0,2,2,2017
8,8,MoisesHenriques,12,11,5,277,55*,46.16,203,136.45,0,3,28,4,2017
9,9,KaneWilliamson,7,7,1,256,89,42.66,169,151.47,0,2,20,10,2017
10,10,GautamGambhir,16,16,4,498,76*,41.50,389,128.02,0,4,61,7,2017
11,11,SureshRaina,14,14,3,442,84,40.18,307,143.97,0,3,42,13,2017
12,12,RavindraJadeja,12,10,6,158,28,39.50,113,139.82,0,0,13,4,2017
13,13,SteveSmith,15,15,3,472,84*,39.33,387,121.96,0,3,38,12,2017
14,14,ShikharDhawan,14,14,1,479,77,36.84,376,127.39,0,3,53,9,2017
15,15,DineshKarthik,14,13,3,361,65,36.10,259,139.38,0,2,30,11,2017
16,16,HardikPandya,17,16,9,250,35*,35.71,160,156.25,0,0,11,20,2017
17,17,KrunalPandya,13,11,4,243,47,34.71,179,135.75,0,0,24,7,2017
18,18,ShreyasIyer,12,12,2,338,96,33.80,243,139.09,0,2,36,10,2017
19,19,ShaunMarsh,9,8,0,264,84,33.00,194,136.08,0,2,36,5,2017
20,20,IshankJaggi,2,2,1,33,28,33.00,39,84.61,0,0,3,0,2017
21,21,ManojTiwary,15,13,3,324,60,32.40,236,137.28,0,2,31,11,2017
22,22,BenStokes,12,11,1,316,103*,31.60,221,142.98,1,1,22,15,2017
23,23,GlennMaxwell,14,13,3,310,47,31.00,179,173.18,0,0,19,26,2017
24,24,BipulSharma,7,3,2,31,21*,31.00,24,129.16,0,0,2,1,2017
25,25,ViratKohli,10,10,0,308,64,30.80,252,122.22,0,4,23,11,2017
26,26,ChrisMorris,9,9,4,154,52*,30.80,94,163.82,0,1,15,6,2017
27,27,NitishRana,13,12,1,333,62*,30.27,264,126.13,0,3,24,17,2017
28,28,TravisHead,7,7,2,151,75*,30.20,108,139.81,0,1,9,6,2017
29,29,RobinUthappa,14,13,0,388,87,29.84,235,165.10,0,5,36,21,2017
30,30,KieronPollard,17,16,3,385,70,29.61,276,139.49,0,3,26,22,2017
31,31,JasonRoy,3,3,1,59,31,29.50,40,147.50,0,0,9,1,2017
32,32,BrendonMcCullum,11,11,0,319,72,29.00,217,147.00,0,2,29,18,2017
33,33,AxarPatel,14,13,5,227,44,28.37,162,140.12,0,0,11,11,2017
34,34,YuvrajSingh,12,11,2,252,70*,28.00,177,142.37,0,2,30,8,2017
35,35,RahulTripathi,14,14,0,391,93,27.92,267,146.44,0,2,43,17,2017
36,36,IshanKishan,11,10,0,277,61,27.70,206,134.46,0,1,29,13,2017
37,37,DavidMiller,5,4,1,83,30*,27.66,80,103.75,0,0,4,4,2017
38,38,SanjuSamson,14,14,0,386,102,27.57,273,141.39,1,2,32,19,2017
39,39,JosButtler,10,10,0,272,77,27.20,177,153.67,0,1,27,15,2017
40,40,ABde Villiers,9,9,1,216,89*,27.00,163,132.51,0,1,12,16,2017
41,41,AndrewTye,6,3,1,53,25,26.50,30,176.66,0,0,4,3,2017
42,42,MSDhoni,16,15,4,290,61*,26.36,250,116.00,0,1,15,16,2017
43,43,RishabhPant,14,14,0,366,97,26.14,221,165.61,0,2,28,24,2017
44,44,DeepakHooda,10,6,3,78,19*,26.00,52,150.00,0,0,5,4,2017
45,45,BenCutting,4,3,1,51,20,25.50,26,196.15,0,0,5,3,2017
46,46,AjinkyaRahane,16,16,1,382,60,25.46,323,118.26,0,2,35,9,2017
47,47,MananVohra,11,9,0,229,95,25.44,159,144.02,0,1,23,9,2017
48,48,AniketChoudhary,5,3,2,25,15*,25.00,20,125.00,0,0,1,1,2017
49,49,AnkitSharma,1,1,0,25,25,25.00,15,166.66,0,0,2,1,2017
50,50,AaronFinch,13,13,1,299,72,24.91,180,166.11,0,2,25,19,2017
51,51,ParthivPatel,16,16,0,395,70,24.68,293,134.81,0,2,49,8,2017
52,52,RohitSharma,17,16,2,333,67,23.78,273,121.97,0,3,31,9,2017
53,53,WriddhimanSaha,14,11,1,234,93*,23.40,187,125.13,0,1,20,8,2017
54,54,SamBillings,6,6,0,138,55,23.00,104,132.69,0,1,19,1,2017
55,55,KedarJadhav,13,13,1,267,69,22.25,186,143.54,0,1,25,10,2017
56,56,ChrisGayle,9,9,0,200,77,22.22,163,122.69,0,1,15,14,2017
57,57,MartinGuptill,7,7,1,132,50*,22.00,88,150.00,0,1,17,5,2017
58,58,DwayneSmith,12,12,1,239,74,21.72,156,153.20,0,2,32,8,2017
59,59,KarunNair,14,13,0,281,64,21.61,226,124.33,0,1,39,6,2017
60,60,CoreyAnderson,11,11,4,142,41*,20.28,123,115.44,0,0,8,9,2017
61,61,NamanOjha,14,5,1,79,34,19.75,65,121.53,0,0,2,3,2017
62,62,LendlSimmons,7,7,0,137,66,19.57,112,122.32,0,2,10,8,2017
63,63,SheldonJackson,4,3,1,38,16,19.00,31,122.58,0,0,5,0,2017
64,64,RahulTewatia,3,2,1,19,15*,19.00,11,172.72,0,0,4,0,2017
65,65,MandeepSingh,11,10,0,188,52,18.80,177,106.21,0,1,21,4,2017
66,66,KagisoRabada,6,3,0,55,44,18.33,64,85.93,0,0,5,1,2017
67,67,AmbatiRayudu,5,5,0,91,63,18.20,78,116.66,0,1,7,3,2017
68,68,PawanNegi,12,10,2,144,35,18.00,111,129.72,0,0,10,7,2017
69,69,YusufPathan,15,11,3,143,59,17.87,115,124.34,0,1,9,6,2017
70,70,SuryakumarYadav,10,7,1,105,31,17.50,88,119.31,0,0,8,3,2017
71,71,SunilNarine,16,14,1,224,54,17.23,130,172.30,0,1,34,10,2017
72,72,EoinMorgan,4,4,0,65,26,16.25,62,104.83,0,0,6,2,2017
73,73,AngeloMathews,3,2,0,32,31,16.00,27,118.51,0,0,2,1,2017
74,74,RajatBhatia,3,2,1,16,16,16.00,17,94.11,0,0,0,1,2017
75,75,JaspritBumrah,16,2,1,16,16*,16.00,12,133.33,0,0,0,1,2017
76,76,DanChristian,13,9,4,79,17*,15.80,49,161.22,0,0,5,5,2017
77,77,Colinde Grandhomme,12,9,1,126,36,15.75,92,136.95,0,0,10,6,2017
78,78,StuartBinny,8,7,2,78,18*,15.60,76,102.63,0,0,6,3,2017
79,79,PatCummins,12,9,4,77,24,15.40,53,145.28,0,0,5,4,2017
80,80,AnureetSingh,1,1,0,15,15,15.00,12,125.00,0,0,2,0,2017
81,81,DeepakChahar,3,1,0,14,14,14.00,6,233.33,0,0,0,2,2017
82,82,JamesFaulkner,8,6,2,54,21,13.50,57,94.73,0,0,4,0,2017
83,83,ShaneWatson,8,7,1,71,24,11.83,78,91.02,0,0,6,1,2017
84,84,ChrisWoakes,13,7,3,46,18,11.50,47,97.87,0,0,4,1,2017
85,85,KuldeepYadav,12,2,0,20,16,10.00,22,90.90,0,0,2,0,2017
86,86,MohammadShami,8,6,2,36,21,9.00,24,150.00,0,0,4,2,2017
87,87,WashingtonSundar,11,5,4,9,5*,9.00,12,75.00,0,0,0,0,2017
88,88,MayankAgarwal,3,3,0,26,20,8.66,27,96.29,0,0,3,0,2017
89,89,MohitSharma,14,7,1,51,13,8.50,50,102.00,0,0,3,1,2017
90,90,KarnSharma,9,6,0,49,19,8.16,41,119.51,0,0,5,2,2017
91,91,SreenathAravind,10,8,4,32,9,8.00,40,80.00,0,0,2,0,2017
92,92,HarbhajanSingh,11,7,5,16,7*,8.00,16,100.00,0,0,0,1,2017
93,93,PraveenKumar,6,2,1,8,7*,8.00,9,88.88,0,0,0,0,2017
94,94,Fafdu Plessis,2,1,0,8,8,8.00,7,114.28,0,0,1,0,2017
95,95,MarlonSamuels,5,4,0,29,27,7.25,31,93.54,0,0,1,2,2017
96,96,TimSouthee,3,1,0,7,7,7.00,3,233.33,0,0,0,1,2017
97,97,AshokDinda,3,1,0,7,7,7.00,7,100.00,0,0,1,0,2017
98,98,VishnuVinod,3,3,0,19,9,6.33,26,73.07,0,0,1,1,2017
99,99,AdityaTare,3,3,0,18,18,6.00,23,78.26,0,0,3,0,2017
100,100,CarlosBrathwaite,2,2,0,12,11,6.00,15,80.00,0,0,2,0,2017
0,,,,,,,,,,,,,,,2018
1,1,MSDhoni,16,15,9,455,79*,75.83,302,150.66,0,3,24,30,2018
2,2,AbhishekSharma,3,3,2,63,46*,63.00,33,190.90,0,0,3,5,2018
3,3,HarshalPatel,5,2,1,60,36*,60.00,33,181.81,0,0,1,6,2018
4,4,KLRahul,14,14,2,659,95*,54.91,416,158.41,0,6,66,32,2018
5,5,JosButtler,13,13,3,548,95*,54.80,353,155.24,0,5,52,21,2018
6,6,ABde Villiers,12,11,2,480,90*,53.33,275,174.54,0,6,39,30,2018
7,7,VijayShankar,13,11,7,212,54*,53.00,148,143.24,0,1,11,11,2018
8,8,RishabhPant,14,14,1,684,128*,52.61,394,173.60,1,5,68,37,2018
9,9,KaneWilliamson,17,17,3,735,84,52.50,516,142.44,0,8,64,28,2018
10,10,DineshKarthik,16,16,6,498,52,49.80,337,147.77,0,2,49,16,2018
11,11,ViratKohli,14,14,3,530,92*,48.18,381,139.10,0,4,52,18,2018
12,12,ChrisMorris,4,4,3,46,27*,46.00,26,176.92,0,0,3,2,2018
13,13,AmbatiRayudu,16,16,2,602,100*,43.00,402,149.75,1,3,53,34,2018
14,14,ChrisGayle,11,11,2,368,104*,40.88,252,146.03,1,3,30,27,2018
15,15,ShaneWatson,15,15,1,555,117*,39.64,359,154.59,2,2,44,35,2018
16,16,ShikharDhawan,16,16,3,497,92*,38.23,363,136.91,0,4,59,14,2018
17,17,ShreyasIyer,14,14,3,411,93*,37.36,310,132.58,0,4,29,21,2018
18,18,SureshRaina,15,15,3,445,75*,37.08,336,132.44,0,4,46,12,2018
19,19,DavidMiller,3,3,1,74,26,37.00,64,115.62,0,0,3,2,2018
20,20,SuryakumarYadav,14,14,0,512,72,36.57,384,133.33,0,4,61,16,2018
21,21,JPDuminy,6,4,3,36,23,36.00,40,90.00,0,0,3,1,2018
22,22,DwayneBravo,16,10,6,141,68,35.25,91,154.94,0,1,8,10,2018
23,23,ShubmanGill,13,11,5,203,57*,33.83,139,146.04,0,1,22,5,2018
24,24,ChrisLynn,16,16,1,491,74,32.73,377,130.23,0,3,56,18,2018
25,25,Fafdu Plessis,6,6,1,162,67*,32.40,129,125.58,0,1,17,6,2018
26,26,SanjuSamson,15,15,1,441,92*,31.50,320,137.81,0,3,30,19,2018
27,27,ParthivPatel,6,6,1,153,53,30.60,109,140.36,0,1,20,4,2018
28,28,JasonRoy,5,5,1,120,91*,30.00,94,127.65,0,1,9,7,2018
29,29,EvinLewis,13,13,0,382,65,29.38,276,138.40,0,2,32,24,2018
30,30,HardikPandya,13,13,4,260,50,28.88,195,133.33,0,1,20,11,2018
31,31,YusufPathan,15,13,4,260,45*,28.88,200,130.00,0,0,22,11,2018
32,32,AndreRussell,16,14,3,316,88*,28.72,171,184.79,0,1,17,31,2018
33,33,AjinkyaRahane,15,14,1,370,65*,28.46,313,118.21,0,1,39,5,2018
34,34,PrithviShaw,9,9,0,245,65,27.22,160,153.12,0,2,27,10,2018
35,35,Colinde Grandhomme,9,8,3,131,40,26.20,84,155.95,0,0,4,10,2018
36,36,TimSouthee,8,4,2,52,36*,26.00,46,113.04,0,0,5,1,2018
37,37,ManishPandey,15,13,2,284,62*,25.81,246,115.44,0,3,22,5,2018
38,38,MandeepSingh,14,13,3,252,47*,25.20,186,135.48,0,0,16,11,2018
39,39,Quintonde Kock,8,8,0,201,53,25.12,162,124.07,0,1,20,8,2018
40,40,RahulTripathi,12,12,3,226,80*,25.11,167,135.32,0,1,18,8,2018
41,41,KarunNair,13,12,0,301,54,25.08,221,136.19,0,2,23,13,2018
42,42,CarlosBrathwaite,4,4,1,75,43*,25.00,48,156.25,0,0,1,8,2018
43,43,MarcusStoinis,7,7,3,99,29*,24.75,76,130.26,0,0,6,4,2018
44,44,AlexHales,6,6,0,148,45,24.66,118,125.42,0,0,13,6,2018
45,45,BenCutting,9,6,2,96,37,24.00,58,165.51,0,0,5,8,2018
46,46,RohitSharma,14,14,2,286,94,23.83,215,133.02,0,2,25,12,2018
47,47,NitishRana,15,15,2,304,59,23.38,232,131.03,0,1,26,14,2018
48,48,IshanKishan,14,12,0,275,62,22.91,184,149.45,0,2,22,17,2018
49,49,KrunalPandya,14,13,3,228,41*,22.80,157,145.22,0,0,22,10,2018
50,50,SunilNarine,16,16,0,357,75,22.31,188,189.89,0,2,40,23,2018
51,51,RobinUthappa,16,16,0,351,54,21.93,265,132.45,0,1,30,21,2018
52,52,DeepakHooda,9,8,4,87,32*,21.75,81,107.40,0,0,2,3,2018
53,53,ShakibAl Hasan,17,13,2,239,35,21.72,197,121.31,0,0,26,5,2018
54,54,WashingtonSundar,7,6,3,65,35,21.66,38,171.05,0,0,5,4,2018
55,55,BrendonMcCullum,6,6,0,127,43,21.16,88,144.31,0,0,16,6,2018
56,56,MahipalLomror,2,2,1,20,11,20.00,21,95.23,0,0,1,0,2018
57,57,MoeenAli,5,4,0,77,65,19.25,46,167.39,0,1,4,6,2018
58,58,KieronPollard,9,8,1,133,50,19.00,100,133.00,0,1,10,7,2018
59,59,HeinrichKlaasen,4,4,1,57,32,19.00,47,121.27,0,0,5,1,2018
60,60,RavindraJadeja,16,10,5,89,27*,17.80,74,120.27,0,0,3,4,2018
61,61,ShreevatsGoswami,6,3,0,52,35,17.33,40,130.00,0,0,6,1,2018
62,62,GautamGambhir,6,5,0,85,55,17.00,88,96.59,0,1,8,1,2018
63,63,AaronFinch,10,9,1,134,46,16.75,100,134.00,0,0,6,8,2018
64,64,RahulTewatia,8,5,2,50,24,16.66,43,116.27,0,0,5,1,2018
65,65,DeepakChahar,12,4,1,50,39,16.66,29,172.41,0,0,1,4,2018
66,66,ShreyasGopal,11,4,1,50,24,16.66,45,111.11,0,0,5,0,2018
67,67,D'ArcyShort,7,7,0,115,44,16.42,99,116.16,0,0,11,5,2018
68,68,BenStokes,13,13,1,196,45,16.33,161,121.73,0,0,13,6,2018
69,69,ManojTiwary,5,4,1,47,35,15.66,44,106.81,0,0,4,1,2018
70,70,WriddhimanSaha,11,10,2,122,35,15.25,102,119.60,0,0,17,1,2018
71,71,GlennMaxwell,12,12,0,169,47,14.08,120,140.83,0,0,14,9,2018
72,72,KrishnappaGowtham,15,13,4,126,33*,14.00,64,196.87,0,0,9,9,2018
73,73,MananVohra,4,4,0,55,45,13.75,47,117.02,0,0,2,4,2018
74,74,SamBillings,10,8,0,108,56,13.50,78,138.46,0,1,8,5,2018
75,75,AxarPatel,9,8,2,80,19,13.33,69,115.94,0,0,3,4,2018
76,76,DanChristian,4,3,1,26,13,13.00,33,78.78,0,0,0,1,2018
77,77,RavichandranAshwin,14,9,1,102,45,12.75,71,143.66,0,0,7,5,2018
78,78,ColinMunro,5,5,0,63,33,12.60,41,153.65,0,0,7,4,2018
79,79,MohammedSiraj,11,4,2,25,14,12.50,22,113.63,0,0,2,1,2018
80,80,JaydevUnadkat,15,7,3,49,26,12.25,38,128.94,0,0,6,1,2018
81,81,MayankAgarwal,11,11,1,120,30,12.00,94,127.65,0,0,9,5,2018
82,82,KuldeepYadav,16,3,2,12,7*,12.00,24,50.00,0,0,1,0,2018
83,83,MuraliVijay,1,1,0,12,12,12.00,10,120.00,0,0,0,1,2018
84,84,RashidKhan,17,7,2,59,34*,11.80,31,190.32,0,0,3,6,2018
85,85,YuvrajSingh,8,6,0,65,20,10.83,73,89.04,0,0,6,2,2018
86,86,MayankMarkande,14,6,4,21,7*,10.50,24,87.50,0,0,2,0,2018
87,87,SarfarazKhan,7,6,1,51,22*,10.20,41,124.39,0,0,7,1,2018
88,88,MohitSharma,9,4,3,10,4*,10.00,13,76.92,0,0,1,0,2018
89,89,JaspritBumrah,14,3,2,10,6*,10.00,11,90.90,0,0,1,0,2018
90,90,MujeebUr Rahman,11,2,1,10,10*,10.00,7,142.85,0,0,2,0,2018
91,91,HarbhajanSingh,13,3,0,29,19,9.66,36,80.55,0,0,3,1,2018
92,92,MohammadNabi,2,2,0,18,14,9.00,12,150.00,0,0,3,0,2018
93,93,AkshdeepNath,1,1,0,9,9,9.00,13,69.23,0,0,1,0,2018
94,94,StuartBinny,7,5,0,44,22,8.80,39,112.82,0,0,2,2,2018
95,95,ChrisWoakes,5,4,2,17,11,8.50,19,89.47,0,0,1,1,2018
96,96,JavonSearles,4,2,1,8,6*,8.00,6,133.33,0,0,0,1,2018
97,97,DhruvShorey,1,1,0,8,8,8.00,9,88.88,0,0,0,1,2018
98,98,PrashantChopra,1,1,0,8,8,8.00,6,133.33,0,0,2,0,2018
99,99,TomCurran,5,4,1,23,18,7.66,28,82.14,0,0,3,0,2018
100,100,RinkuSingh,4,4,0,29,16,7.25,31,93.54,0,0,4,0,2018
0,,,,,,,,,,,,,,,2019
1,1,MSDhoni,15,12,7,416,84*,83.20,309,134.62,0,3,22,23,2019
2,2,DavidWarner,12,12,2,692,100*,69.20,481,143.86,1,8,57,21,2019
3,3,AndreRussell,14,13,4,510,80*,56.66,249,204.81,0,4,31,52,2019
4,4,JonnyBairstow,10,10,2,445,114,55.62,283,157.24,1,2,48,18,2019
5,5,KLRahul,14,14,3,593,100*,53.90,438,135.38,1,6,49,25,2019
6,6,MarcusStoinis,10,10,6,211,46*,52.75,156,135.25,0,0,14,10,2019
7,7,SarfarazKhan,8,5,1,180,67,45.00,143,125.87,0,1,19,4,2019
8,8,HardikPandya,16,15,6,402,91,44.66,210,191.42,0,1,28,29,2019
9,9,ABde Villiers,13,13,3,442,82*,44.20,287,154.00,0,5,31,26,2019
10,10,ManishPandey,12,11,3,344,83*,43.00,263,130.79,0,3,34,6,2019
11,11,MandeepSingh,13,12,8,165,33*,41.25,120,137.50,0,0,10,4,2019
12,12,ChrisGayle,13,13,1,490,99*,40.83,319,153.60,0,4,45,34,2019
13,13,SteveSmith,12,10,2,319,73*,39.87,275,116.00,0,3,30,4,2019
14,14,JosButtler,8,8,0,311,89,38.87,205,151.70,0,3,38,14,2019
15,15,RishabhPant,16,16,3,488,78*,37.53,300,162.66,0,3,37,27,2019
16,16,Fafdu Plessis,12,12,1,396,96,36.00,321,123.36,0,3,36,15,2019
17,17,RavindraJadeja,16,9,6,106,31*,35.33,88,120.45,0,0,7,4,2019
18,18,Quintonde Kock,16,16,1,529,81,35.26,398,132.91,0,4,45,25,2019
19,19,KieronPollard,16,14,6,279,83,34.87,178,156.74,0,1,14,22,2019
20,20,ShikharDhawan,16,16,1,521,97*,34.73,384,135.67,0,5,64,11,2019
21,21,NitishRana,14,11,1,344,85*,34.40,235,146.38,0,3,27,21,2019
22,22,SanjuSamson,12,12,2,342,102*,34.20,230,148.69,1,0,28,13,2019
23,23,JofraArcher,11,5,3,67,27*,33.50,40,167.50,0,0,4,4,2019
24,24,ViratKohli,14,14,0,464,100,33.14,328,141.46,1,2,46,13,2019
25,25,ShubmanGill,14,13,4,296,76,32.88,238,124.36,0,3,21,10,2019
26,26,AjinkyaRahane,14,13,1,393,105*,32.75,285,137.89,1,1,45,9,2019
27,27,GurkeeratMann Singh,3,3,0,98,65,32.66,70,140.00,0,1,11,2,2019
28,28,SuryakumarYadav,16,15,2,424,71*,32.61,324,130.86,0,2,45,10,2019
29,29,RiyanParag,7,5,0,160,50,32.00,126,126.98,0,1,17,5,2019
30,30,MuraliVijay,2,2,0,64,38,32.00,61,104.91,0,0,6,1,2019
31,31,MitchellSantner,4,2,1,32,22,32.00,23,139.13,0,0,0,3,2019
32,32,DineshKarthik,14,13,5,253,97*,31.62,173,146.24,0,2,22,14,2019
33,33,RobinUthappa,12,11,2,282,67*,31.33,245,115.10,0,1,28,10,2019
34,34,ChrisLynn,13,13,0,405,82,31.15,290,139.65,0,4,41,22,2019
35,35,ShreyasIyer,16,16,1,463,67,30.86,386,119.94,0,3,41,14,2019
36,36,RohitSharma,15,15,1,405,67,28.92,315,128.57,0,2,52,10,2019
37,37,NicholasPooran,7,6,0,168,48,28.00,107,157.00,0,0,10,14,2019
38,38,MoeenAli,11,10,2,220,66,27.50,133,165.41,0,2,16,17,2019
39,39,MartinGuptill,3,3,0,81,36,27.00,53,152.83,0,0,4,7,2019
40,40,ParthivPatel,14,14,0,373,67,26.64,268,139.17,0,2,48,10,2019
41,41,DavidMiller,10,10,2,213,59*,26.62,164,129.87,0,1,19,7,2019
42,42,RahulTewatia,5,4,3,26,11*,26.00,22,118.18,0,0,2,1,2019
43,43,MayankAgarwal,13,13,0,332,58,25.53,234,141.88,0,2,26,14,2019
44,44,YuvrajSingh,4,4,0,98,53,24.50,75,130.66,0,1,7,6,2019
45,45,SureshRaina,17,17,1,383,59,23.93,314,121.97,0,3,45,9,2019
46,46,SamCurran,9,8,4,95,55*,23.75,55,172.72,0,1,13,3,2019
47,47,LiamLivingstone,4,4,1,71,44,23.66,48,147.91,0,0,6,5,2019
48,48,AmbatiRayudu,17,17,5,282,57,23.50,303,93.06,0,1,20,7,2019
49,49,RahulTripathi,8,7,1,141,50,23.50,118,119.49,0,1,13,2,2019
50,50,ShaneWatson,17,17,0,398,96,23.41,312,127.56,0,3,42,20,2019
51,51,StuartBinny,8,5,2,70,33*,23.33,40,175.00,0,0,5,4,2019
52,52,KaneWilliamson,9,9,2,156,70*,22.28,130,120.00,0,1,12,5,2019
53,53,PrithviShaw,16,16,0,353,99,22.06,264,133.71,0,2,45,9,2019
54,54,ColinMunro,4,4,0,84,40,21.00,70,120.00,0,0,9,4,2019
55,55,BenStokes,9,9,3,123,46,20.50,99,124.24,0,0,8,4,2019
56,56,VijayShankar,15,14,2,244,40*,20.33,193,126.42,0,0,11,12,2019
57,57,MohammadNabi,8,7,1,115,31,19.16,76,151.31,0,0,8,7,2019
58,58,PrayasRay Barman,1,1,0,19,19,19.00,24,79.16,0,0,2,0,2019
59,59,RinkuSingh,5,3,1,37,30,18.50,34,108.82,0,0,1,2,2019
60,60,ColinIngram,12,12,2,184,47,18.40,154,119.48,0,0,20,5,2019
61,61,AxarPatel,14,12,6,110,26,18.33,88,125.00,0,0,10,3,2019
62,62,KedarJadhav,14,12,3,162,58,18.00,169,95.85,0,1,19,3,2019
63,63,ShimronHetmyer,5,5,0,90,75,18.00,73,123.28,0,1,4,7,2019
64,64,SunilNarine,12,9,1,143,47,17.87,86,166.27,0,0,17,9,2019
65,65,WriddhimanSaha,5,5,0,86,28,17.20,53,162.26,0,0,13,1,2019
66,66,IshanKishan,7,6,0,101,28,16.83,100,101.00,0,0,8,4,2019
67,67,KrunalPandya,16,15,4,183,42,16.63,150,122.00,0,0,18,5,2019
68,68,DwayneBravo,12,9,4,80,27,16.00,66,121.21,0,0,6,3,2019
69,69,EvinLewis,3,3,0,48,32,16.00,52,92.30,0,0,4,2,2019
70,70,SimranSingh,1,1,0,16,16,16.00,17,94.11,0,0,1,1,2019
71,71,ShreyasGopal,14,7,3,63,19*,15.75,46,136.95,0,0,8,1,2019
72,72,Colinde Grandhomme,4,4,1,46,37,15.33,49,93.87,0,0,4,2,2019
73,73,SiddheshLad,1,1,0,15,15,15.00,13,115.38,0,0,1,1,2019
74,74,SherfaneRutherford,7,7,2,73,28*,14.60,54,135.18,0,0,2,7,2019
75,75,PiyushChawla,13,5,2,42,14*,14.00,37,113.51,0,0,4,2,2019
76,76,YusufPathan,10,8,5,40,16*,13.33,45,88.88,0,0,1,1,2019
77,77,ShivamDube,4,4,1,40,24,13.33,33,121.21,0,0,1,3,2019
78,78,UmeshYadav,11,7,5,25,14,12.50,25,100.00,0,0,3,1,2019
79,79,AkshdeepNath,8,5,0,61,24,12.20,57,107.01,0,0,5,2,2019
80,80,DeepakHooda,11,7,1,64,20,10.66,63,101.58,0,0,5,1,2019
81,81,AmitMishra,11,4,2,21,8,10.50,24,87.50,0,0,2,0,2019
82,82,BenCutting,3,3,1,18,13*,9.00,17,105.88,0,0,1,1,2019
83,83,ShakibAl Hasan,3,1,0,9,9,9.00,10,90.00,0,0,0,0,2019
84,84,RavichandranAshwin,14,6,1,42,17*,8.40,28,150.00,0,0,3,3,2019
85,85,MahipalLomror,2,1,0,8,8,8.00,3,266.66,0,0,2,0,2019
86,86,ShardulThakur,10,3,1,14,12*,7.00,7,200.00,0,0,1,1,2019
87,87,TrentBoult,5,3,2,7,6,7.00,4,175.00,0,0,0,1,2019
88,88,NikhilNaik,1,1,0,7,7,7.00,16,43.75,0,0,1,0,2019
89,89,RickyBhui,1,1,0,7,7,7.00,12,58.33,0,0,0,0,2019
90,90,RashidKhan,15,8,3,34,17*,6.80,23,147.82,0,0,2,2,2019
91,91,KrishnappaGowtham,7,4,1,18,9,6.00,19,94.73,0,0,1,1,2019
92,92,KuldeepYadav,9,4,2,12,10*,6.00,8,150.00,0,0,1,0,2019
93,93,RahulChahar,13,4,2,12,10,6.00,11,109.09,0,0,2,0,2019
94,94,MayankMarkande,3,2,1,6,6,6.00,5,120.00,0,0,1,0,2019
95,95,IshSodhi,2,1,0,6,6,6.00,11,54.54,0,0,0,0,2019
96,96,JagadeeshaSuchith,1,1,0,6,6,6.00,15,40.00,0,0,0,0,2019
97,97,CarlosBrathwaite,2,2,0,11,6,5.50,10,110.00,0,0,1,0,2019
98,98,ChrisMorris,9,6,0,32,17,5.33,37,86.48,0,0,1,2,2019
99,99,KarunNair,1,1,0,5,5,5.00,6,83.33,0,0,0,0,2019
100,100,DhruvShorey,1,1,0,5,5,5.00,8,62.50,0,0,0,0,2019
0,,,,,,,,,,,,,,,2020
1,1,KieronPollard,11,8,6,214,60*,107.00,108,198.14,0,1,10,18,2020
2,2,TomCurran,5,4,3,83,54*,83.00,62,133.87,0,1,5,3,2020
3,3,KLRahul,12,12,2,595,132*,59.50,450,132.22,1,5,52,20,2020
4,4,ViratKohli,11,11,4,415,90*,59.28,332,125.00,0,3,21,10,2020
5,5,WriddhimanSaha,2,2,0,117,87,58.50,76,153.94,0,1,13,3,2020
6,6,ABde Villiers,11,10,4,324,73*,54.00,186,174.19,0,4,25,19,2020
7,7,ShikharDhawan,12,12,3,471,106*,52.33,319,147.64,2,2,52,10,2020
8,8,RahulTewatia,12,10,5,224,53,44.80,156,143.58,0,1,11,16,2020
9,9,BenStokes,6,6,1,217,107*,43.40,163,133.12,1,0,28,3,2020
10,10,IshanKishan,9,8,1,298,99,42.57,209,142.58,0,2,17,20,2020
11,11,KrishnappaGowtham,2,2,1,42,22*,42.00,27,155.55,0,0,3,2,2020
12,12,Quintonde Kock,11,11,2,374,78*,41.55,261,143.29,0,4,34,17,2020
13,13,NicholasPooran,12,12,4,329,77,41.12,192,171.35,0,2,23,22,2020
14,14,RavindraJadeja,12,10,5,201,50,40.20,124,162.09,0,1,20,8,2020
15,15,Fafdu Plessis,12,12,2,401,87*,40.10,285,140.70,0,4,38,12,2020
16,16,MayankAgarwal,10,10,0,398,106,39.80,256,155.46,1,2,39,15,2020
17,17,DavidWarner,12,12,1,436,66,39.63,324,134.56,0,3,39,12,2020
18,18,KaneWilliamson,8,8,3,192,57,38.40,134,143.28,0,1,19,4,2020
19,19,DeepakHooda,5,3,2,38,23*,38.00,40,95.00,0,0,2,1,2020
20,20,HardikPandya,11,10,4,224,60*,37.33,123,182.11,0,1,14,18,2020
21,21,EoinMorgan,12,12,3,335,44,37.22,255,131.37,0,0,25,18,2020
22,22,AmbatiRayudu,10,9,1,291,71,36.37,232,125.43,0,1,23,11,2020
23,23,ManishPandey,12,12,2,354,83*,35.40,279,126.88,0,3,26,16,2020
24,24,ChrisGayle,5,5,0,177,53,35.40,128,138.28,0,2,9,15,2020
25,25,ShreyasIyer,12,12,1,389,88*,35.36,305,127.54,0,2,29,13,2020
26,26,ShubmanGill,12,12,1,378,70*,34.36,332,113.85,0,3,34,9,2020
27,27,SaurabhTiwary,4,3,0,97,42,32.33,69,140.57,0,0,8,3,2020
28,28,ShaneWatson,10,10,1,285,83*,31.66,228,125.00,0,2,32,12,2020
29,29,RishabhPant,9,9,1,253,38,31.62,220,115.00,0,0,24,7,2020
30,30,SuryakumarYadav,11,10,1,283,79*,31.44,190,148.94,0,2,38,5,2020
31,31,JonnyBairstow,11,11,0,345,97,31.36,272,126.83,0,3,31,13,2020
32,32,DevduttPadikkal,11,11,0,343,63,31.18,279,122.93,0,3,33,7,2020
33,33,JosButtler,11,10,1,271,70*,30.11,194,139.69,0,2,22,13,2020
34,34,SanjuSamson,12,12,1,326,85,29.63,207,157.48,0,3,17,23,2020
35,35,MandeepSingh,5,5,1,116,66*,29.00,93,124.73,0,1,9,4,2020
36,36,RohitSharma,9,9,0,260,80,28.88,201,129.35,0,2,22,15,2020
37,37,MSDhoni,12,11,4,199,47*,28.42,168,118.45,0,0,16,7,2020
38,38,KrunalPandya,11,8,5,85,34,28.33,68,125.00,0,0,8,4,2020
39,39,ChrisMorris,6,2,1,27,25*,27.00,13,207.69,0,0,1,3,2020
40,40,ShivamDube,8,6,2,102,27*,25.50,75,136.00,0,0,3,8,2020
41,41,SteveSmith,12,12,1,276,69,25.09,213,129.57,0,3,26,9,2020
42,42,VijayShankar,7,5,1,97,52*,24.25,96,101.04,0,1,10,1,2020
43,43,MarcusStoinis,12,12,2,237,53*,23.70,155,152.90,0,2,20,11,2020
44,44,RuturajGaikwad,4,4,1,70,65*,23.33,67,104.47,0,1,4,3,2020
45,45,NitishRana,12,12,0,265,81,22.08,192,138.02,0,2,33,8,2020
46,46,PatCummins,12,10,4,131,53*,21.83,103,127.18,0,1,9,7,2020
47,47,SamCurran,12,10,2,173,52,21.62,127,136.22,0,1,11,12,2020
48,48,AaronFinch,11,11,0,236,52,21.45,211,111.84,0,1,25,7,2020
49,49,JofraArcher,12,9,4,107,27*,21.40,54,198.14,0,0,5,10,2020
50,50,ShimronHetmyer,9,8,2,127,45,21.16,85,149.41,0,0,5,11,2020
51,51,TusharDeshpande,5,2,1,21,20*,21.00,12,175.00,0,0,2,1,2020
52,52,PrithviShaw,10,10,0,209,66,20.90,148,141.21,0,2,23,8,2020
53,53,RahulTripathi,9,9,0,188,81,20.88,145,129.65,0,1,17,8,2020
54,54,KedarJadhav,8,5,2,62,26,20.66,66,93.93,0,0,7,0,2020
55,55,MahipalLomror,3,3,0,59,47,19.66,54,109.25,0,0,2,3,2020
56,56,AbdulSamad,8,6,2,78,23,19.50,49,159.18,0,0,6,4,2020
57,57,WashingtonSundar,11,5,1,75,30,18.75,64,117.18,0,0,7,2,2020
58,58,NavdeepSaini,11,2,1,18,12*,18.00,19,94.73,0,0,2,0,2020
59,59,JimmyNeesham,4,2,1,17,10*,17.00,15,113.33,0,0,0,1,2020
60,60,SarfarazKhan,5,3,1,33,14*,16.50,29,113.79,0,0,5,0,2020
61,61,NarayanJagadeesan,3,2,0,33,33,16.50,29,113.79,0,0,4,0,2020
62,62,SunilNarine,8,7,0,114,64,16.28,76,150.00,0,1,10,7,2020
63,63,RobinUthappa,10,10,0,160,41,16.00,139,115.10,0,0,18,4,2020
64,64,AlexCarey,3,3,1,32,14*,16.00,29,110.34,0,0,0,1,2020
65,65,HarshalPatel,4,1,0,16,16,16.00,15,106.66,0,0,1,0,2020
66,66,AbhishekSharma,7,6,2,63,31,15.75,51,123.52,0,0,6,2,2020
67,67,PriyamGarg,11,8,1,109,51*,15.57,85,128.23,0,1,9,2,2020
68,68,GlennMaxwell,12,10,3,102,32,14.57,100,102.00,0,0,8,0,2020
69,69,KagisoRabada,12,5,3,29,15*,14.50,27,107.40,0,0,2,1,2020
70,70,RiyanParag,10,7,1,86,42*,14.33,70,122.85,0,0,6,3,2020
71,71,DineshKarthik,12,12,1,148,58,13.45,123,120.32,0,1,17,4,2020
72,72,YashasviJaiswal,3,3,0,40,34,13.33,44,90.90,0,0,2,2,2020
73,73,KuldeepYadav,5,2,1,13,12,13.00,21,61.90,0,0,1,0,2020
74,74,RavichandranAshwin,10,5,3,25,14*,12.50,25,100.00,0,0,3,0,2020
75,75,ShardulThakur,8,2,1,12,11,12.00,21,57.14,0,0,0,0,2020
76,76,AndreRussell,9,8,0,92,24,11.50,70,131.42,0,0,8,6,2020
77,77,AxarPatel,11,7,1,66,21*,11.00,43,153.48,0,0,3,5,2020
78,78,IsuruUdana,8,2,1,11,10*,11.00,8,137.50,0,0,0,1,2020
79,79,JamesPattinson,8,1,0,11,11,11.00,8,137.50,0,0,2,0,2020
80,80,MuraliVijay,3,3,0,32,21,10.66,43,74.41,0,0,4,0,2020
81,81,AjinkyaRahane,5,5,0,51,26,10.20,54,94.44,0,0,7,1,2020
82,82,TomBanton,2,2,0,18,10,9.00,20,90.00,0,0,1,1,2020
83,83,AnkitRajpoot,6,2,1,9,7*,9.00,10,90.00,0,0,0,1,2020
84,84,JaydevUnadkat,7,1,0,9,9,9.00,13,69.23,0,0,0,0,2020
85,85,ChrisJordan,7,4,1,25,13,8.33,26,96.15,0,0,2,0,2020
86,86,RashidKhan,12,6,3,24,14,8.00,23,104.34,0,0,2,1,2020
87,87,KarunNair,4,3,1,16,15*,8.00,14,114.28,0,0,2,0,2020
88,88,SimranSingh,2,2,0,15,11,7.50,15,100.00,0,0,2,0,2020
89,89,KamleshNagarkoti,8,5,2,21,8*,7.00,30,70.00,0,0,1,0,2020
90,90,AnrichNortje,11,4,3,7,3*,7.00,6,116.66,0,0,0,0,2020
91,91,DeepakChahar,12,3,2,7,5*,7.00,12,58.33,0,0,0,0,2020
92,92,RaviBishnoi,12,3,2,7,6*,7.00,12,58.33,0,0,1,0,2020
93,93,MoeenAli,2,2,0,12,11,6.00,15,80.00,0,0,1,0,2020
94,94,AndrewTye,1,1,0,6,6,6.00,6,100.00,0,0,0,1,2020
95,95,SandeepSharma,9,4,2,10,9,5.00,11,90.90,0,0,1,0,2020
96,96,ShivamMavi,7,3,1,10,9,5.00,14,71.42,0,0,1,0,2020
97,97,VarunChakravarthy,11,3,1,10,7*,5.00,15,66.66,0,0,0,0,2020
98,98,MohammedSiraj,5,1,0,5,5,5.00,4,125.00,0,0,1,0,2020
99,99,ShahbazNadeem,3,1,0,5,5,5.00,5,100.00,0,0,1,0,2020
100,100,JasonHolder,3,1,0,5,5,5.00,8,62.50,0,0,0,0,2020
